/*******************************************************************************
 * Size: 19 px
 * Bpp: 4
 * Opts: --bpp 4 --size 19 --font E:/Two-in-One-Welding-Station/LVGLProject/assets/SarasaMonoSC-Bold.ttf -o E:/Two-in-One-Welding-Station/LVGLProject/assets\ui_font_ASCII19.c --format lvgl -r 0x20-0x7f --symbols 电烙铁热风枪加台保存设置系统初始化中恒温模式曲线自定显示屏成功偶状态正常错误编码器在载主屏幕完控件组失败为空 --no-compress --no-prefilter
 ******************************************************************************/

#include "../ui.h"

#ifndef UI_FONT_ASCII19
#define UI_FONT_ASCII19 1
#endif

#if UI_FONT_ASCII19

/*-----------------
 *    BITMAPS
 *----------------*/

/*Store the image of the glyphs*/
static LV_ATTRIBUTE_LARGE_CONST const uint8_t glyph_bitmap[] = {
    /* U+0020 " " */

    /* U+0021 "!" */
    0x5f, 0xd0, 0x5f, 0xd0, 0x5f, 0xd0, 0x5f, 0xd0,
    0x5f, 0xd0, 0x5f, 0xd0, 0x5f, 0xd0, 0x5f, 0xd0,
    0x28, 0x70, 0x0, 0x0, 0x4, 0x30, 0xbf, 0xf3,
    0xef, 0xf6, 0x7f, 0xd1,

    /* U+0022 "\"" */
    0x14, 0x40, 0x24, 0x34, 0xff, 0x8, 0xfc, 0x4f,
    0xf0, 0x7f, 0xc4, 0xff, 0x7, 0xfc, 0x4f, 0xf0,
    0x7f, 0xc3, 0xfe, 0x6, 0xfb, 0x2f, 0xe0, 0x6f,
    0xa0,

    /* U+0023 "#" */
    0x5, 0xfc, 0x4, 0xfd, 0x0, 0x5, 0xfc, 0x4,
    0xfd, 0x0, 0x5, 0xfc, 0x4, 0xfd, 0x0, 0x5,
    0xfc, 0x4, 0xfd, 0x0, 0xcf, 0xff, 0xff, 0xff,
    0xf4, 0xae, 0xff, 0xde, 0xff, 0xd3, 0x5, 0xfc,
    0x4, 0xfd, 0x0, 0x5, 0xfc, 0x4, 0xfd, 0x0,
    0x5, 0xfc, 0x4, 0xfd, 0x0, 0xae, 0xff, 0xde,
    0xff, 0xd3, 0xcf, 0xff, 0xff, 0xff, 0xf4, 0x5,
    0xfc, 0x4, 0xfd, 0x0, 0x5, 0xfc, 0x4, 0xfd,
    0x0, 0x5, 0xfc, 0x4, 0xfd, 0x0,

    /* U+0024 "$" */
    0x0, 0x3, 0xfb, 0x0, 0x0, 0x0, 0x3f, 0xb0,
    0x0, 0x0, 0x6, 0xfc, 0x10, 0x0, 0x1c, 0xff,
    0xff, 0x50, 0x9, 0xfe, 0xec, 0xff, 0x10, 0xdf,
    0x4d, 0x5d, 0xf5, 0xc, 0xf6, 0xd5, 0x35, 0x20,
    0x7f, 0xee, 0x50, 0x0, 0x0, 0xbf, 0xfc, 0x30,
    0x0, 0x0, 0x7f, 0xff, 0x60, 0x0, 0x0, 0xdc,
    0xff, 0x20, 0x55, 0xd, 0x5b, 0xf7, 0xf, 0xf2,
    0xd5, 0xaf, 0x70, 0xbf, 0xde, 0xbf, 0xf3, 0x1,
    0xdf, 0xff, 0xf7, 0x0, 0x0, 0x6f, 0xc1, 0x0,
    0x0, 0x3, 0xfb, 0x0, 0x0, 0x0, 0x3f, 0xb0,
    0x0,

    /* U+0025 "%" */
    0x1c, 0xfd, 0x40, 0x5f, 0xc0, 0x8f, 0x9e, 0xd0,
    0x8f, 0x70, 0x9f, 0x1c, 0xe0, 0xcf, 0x20, 0x9f,
    0x1c, 0xe0, 0xfd, 0x0, 0x9f, 0x1c, 0xe3, 0xf8,
    0x0, 0x8f, 0x4d, 0xd6, 0xe3, 0x0, 0x3f, 0xff,
    0x70, 0x10, 0x0, 0x1, 0x42, 0xc, 0xff, 0x80,
    0x0, 0xad, 0x5f, 0x9c, 0xf0, 0x1, 0xfb, 0x6f,
    0x49, 0xf1, 0x5, 0xf7, 0x6f, 0x49, 0xf1, 0xa,
    0xf4, 0x6f, 0x49, 0xf1, 0xf, 0xf1, 0x5f, 0xad,
    0xf0, 0x4f, 0xd0, 0xa, 0xfe, 0x60,

    /* U+0026 "&" */
    0x0, 0x5d, 0xfd, 0x40, 0x0, 0x2, 0xff, 0xef,
    0xf2, 0x0, 0x7, 0xfb, 0xc, 0xf6, 0x0, 0x7,
    0xfa, 0xa, 0xf7, 0x0, 0x4, 0xfe, 0x1f, 0xf3,
    0x0, 0x0, 0xcf, 0xef, 0xa0, 0x0, 0x0, 0x6f,
    0xfc, 0x0, 0x0, 0x2, 0xef, 0xfb, 0x3, 0x41,
    0xa, 0xfb, 0xff, 0x5f, 0xf0, 0xf, 0xf3, 0x7f,
    0xff, 0x90, 0xf, 0xf1, 0xd, 0xff, 0x30, 0xd,
    0xf6, 0x7, 0xff, 0x10, 0x7, 0xff, 0xdf, 0xff,
    0x80, 0x0, 0x8e, 0xf9, 0x4f, 0xf1,

    /* U+0027 "'" */
    0x14, 0x36, 0xfe, 0x6f, 0xe5, 0xfd, 0x5f, 0xd4,
    0xfc, 0x4f, 0xc0,

    /* U+0028 "(" */
    0x0, 0x1, 0xa3, 0x0, 0x2d, 0xfb, 0x0, 0xdf,
    0xc1, 0x9, 0xfd, 0x10, 0x1f, 0xf4, 0x0, 0x6f,
    0xc0, 0x0, 0xbf, 0x70, 0x0, 0xdf, 0x40, 0x0,
    0xff, 0x20, 0x0, 0xff, 0x20, 0x0, 0xff, 0x20,
    0x0, 0xef, 0x40, 0x0, 0xbf, 0x70, 0x0, 0x7f,
    0xc0, 0x0, 0x1f, 0xf3, 0x0, 0xa, 0xfc, 0x0,
    0x1, 0xef, 0xa0, 0x0, 0x3e, 0xfb, 0x0, 0x2,
    0xc4, 0x0, 0x0, 0x0,

    /* U+0029 ")" */
    0x9, 0x50, 0x0, 0x3, 0xff, 0x70, 0x0, 0x5,
    0xff, 0x60, 0x0, 0x6, 0xff, 0x10, 0x0, 0xc,
    0xf8, 0x0, 0x0, 0x4f, 0xe0, 0x0, 0x0, 0xff,
    0x30, 0x0, 0xc, 0xf6, 0x0, 0x0, 0xaf, 0x70,
    0x0, 0xa, 0xf7, 0x0, 0x0, 0xaf, 0x70, 0x0,
    0xc, 0xf6, 0x0, 0x0, 0xff, 0x30, 0x0, 0x4f,
    0xf0, 0x0, 0xb, 0xf9, 0x0, 0x5, 0xff, 0x20,
    0x3, 0xff, 0x70, 0x3, 0xff, 0x90, 0x0, 0xc,
    0x70, 0x0, 0x0, 0x0, 0x0, 0x0,

    /* U+002A "*" */
    0x0, 0x4, 0xfc, 0x0, 0x0, 0x0, 0x3f, 0xb0,
    0x0, 0xe, 0xa7, 0xfc, 0x7d, 0x72, 0xdf, 0xff,
    0xff, 0xf8, 0x0, 0x2e, 0xff, 0x70, 0x0, 0x8,
    0xfd, 0xfe, 0x10, 0x3, 0xff, 0x19, 0xfb, 0x0,
    0x4, 0x50, 0x8, 0x0,

    /* U+002B "+" */
    0x0, 0x5f, 0xd0, 0x0, 0x0, 0x5f, 0xd0, 0x0,
    0x0, 0x5f, 0xd0, 0x0, 0xef, 0xff, 0xff, 0xf6,
    0xbd, 0xdf, 0xfd, 0xd4, 0x0, 0x5f, 0xd0, 0x0,
    0x0, 0x5f, 0xd0, 0x0, 0x0, 0x28, 0x60, 0x0,

    /* U+002C "," */
    0x4, 0xa8, 0x0, 0xff, 0xf7, 0xf, 0xff, 0x90,
    0x8f, 0xf6, 0x0, 0x9f, 0x20, 0x4f, 0xa0, 0x3f,
    0xf2, 0x0, 0x84, 0x0,

    /* U+002D "-" */
    0xbd, 0xdd, 0xdd, 0xd4, 0xef, 0xff, 0xff, 0xf6,

    /* U+002E "." */
    0x4, 0xa8, 0x0, 0xff, 0xf7, 0xf, 0xff, 0x80,
    0x8f, 0xd2,

    /* U+002F "/" */
    0x0, 0x0, 0x0, 0x58, 0x30, 0x0, 0x0, 0xe,
    0xf4, 0x0, 0x0, 0x3, 0xff, 0x0, 0x0, 0x0,
    0x7f, 0xa0, 0x0, 0x0, 0xc, 0xf5, 0x0, 0x0,
    0x1, 0xff, 0x10, 0x0, 0x0, 0x6f, 0xc0, 0x0,
    0x0, 0xa, 0xf7, 0x0, 0x0, 0x0, 0xff, 0x30,
    0x0, 0x0, 0x4f, 0xe0, 0x0, 0x0, 0x8, 0xf9,
    0x0, 0x0, 0x0, 0xdf, 0x50, 0x0, 0x0, 0x2f,
    0xf0, 0x0, 0x0, 0x6, 0xfb, 0x0, 0x0, 0x0,
    0xbf, 0x60, 0x0, 0x0, 0xf, 0xf2, 0x0, 0x0,
    0x5, 0xfd, 0x0, 0x0, 0x0, 0x9f, 0x80, 0x0,
    0x0, 0xe, 0xf4, 0x0, 0x0, 0x0,

    /* U+0030 "0" */
    0x0, 0x6d, 0xff, 0xa1, 0x0, 0x6f, 0xfe, 0xff,
    0xd0, 0xd, 0xf7, 0x1, 0xef, 0x50, 0xff, 0x10,
    0x9, 0xf8, 0xf, 0xf1, 0x0, 0x9f, 0x80, 0xff,
    0x10, 0x7f, 0xf8, 0xf, 0xf2, 0xbf, 0xef, 0x80,
    0xff, 0xef, 0x59, 0xf8, 0xf, 0xfd, 0x20, 0x9f,
    0x80, 0xff, 0x10, 0x9, 0xf8, 0xf, 0xf1, 0x0,
    0x9f, 0x80, 0xdf, 0x70, 0x1e, 0xf5, 0x6, 0xff,
    0xef, 0xfd, 0x0, 0x6, 0xdf, 0xfa, 0x10,

    /* U+0031 "1" */
    0x0, 0x5f, 0xf6, 0x6, 0xff, 0xf6, 0x7f, 0xbc,
    0xf6, 0x6a, 0xc, 0xf6, 0x0, 0xc, 0xf6, 0x0,
    0xc, 0xf6, 0x0, 0xc, 0xf6, 0x0, 0xc, 0xf6,
    0x0, 0xc, 0xf6, 0x0, 0xc, 0xf6, 0x0, 0xc,
    0xf6, 0x0, 0xc, 0xf6, 0x0, 0xc, 0xf6, 0x0,
    0xc, 0xf6,

    /* U+0032 "2" */
    0x5, 0xdf, 0xea, 0x10, 0x5f, 0xfe, 0xff, 0xc0,
    0xcf, 0x80, 0x1f, 0xf4, 0xab, 0x20, 0xb, 0xf6,
    0x0, 0x0, 0xb, 0xf6, 0x0, 0x0, 0x1f, 0xf2,
    0x0, 0x1, 0xcf, 0xa0, 0x0, 0x3e, 0xfc, 0x0,
    0x3, 0xff, 0xa0, 0x0, 0xd, 0xfa, 0x0, 0x0,
    0x6f, 0xe1, 0x0, 0x0, 0xaf, 0x80, 0x0, 0x0,
    0xdf, 0xed, 0xdd, 0xd4, 0xdf, 0xff, 0xff, 0xf6,

    /* U+0033 "3" */
    0x0, 0x4d, 0xff, 0xa1, 0x0, 0x3f, 0xfe, 0xff,
    0xc0, 0x9, 0xfa, 0x1, 0xff, 0x30, 0x8b, 0x40,
    0xc, 0xf5, 0x0, 0x0, 0x0, 0xdf, 0x40, 0x0,
    0x0, 0x7f, 0xe0, 0x0, 0x0, 0xff, 0xe3, 0x0,
    0x0, 0xd, 0xff, 0x80, 0x0, 0x0, 0x2, 0xef,
    0x40, 0x0, 0x0, 0x8, 0xf9, 0x9, 0x90, 0x0,
    0x7f, 0xa0, 0xef, 0x60, 0xc, 0xf7, 0x6, 0xff,
    0xdf, 0xfe, 0x10, 0x6, 0xdf, 0xfb, 0x20,

    /* U+0034 "4" */
    0x0, 0x0, 0x7f, 0xf5, 0x0, 0x0, 0xd, 0xff,
    0x50, 0x0, 0x4, 0xff, 0xf5, 0x0, 0x0, 0xbf,
    0xff, 0x50, 0x0, 0x2f, 0xec, 0xf5, 0x0, 0x9,
    0xf8, 0xcf, 0x50, 0x0, 0xff, 0x2c, 0xf5, 0x0,
    0x6f, 0xb0, 0xcf, 0x50, 0xd, 0xf4, 0xc, 0xf5,
    0x0, 0xff, 0xff, 0xff, 0xf6, 0xc, 0xcc, 0xcf,
    0xfd, 0x40, 0x0, 0x0, 0xcf, 0x50, 0x0, 0x0,
    0xc, 0xf5, 0x0, 0x0, 0x0, 0xcf, 0x50,

    /* U+0035 "5" */
    0xbf, 0xff, 0xff, 0xf0, 0xbf, 0xed, 0xdd, 0xd0,
    0xbf, 0x60, 0x0, 0x0, 0xbf, 0x60, 0x0, 0x0,
    0xbf, 0x60, 0x0, 0x0, 0xbf, 0xef, 0xfa, 0x10,
    0xbf, 0xfd, 0xff, 0xc0, 0xbf, 0x90, 0x1f, 0xf4,
    0x0, 0x0, 0xb, 0xf7, 0x0, 0x0, 0x9, 0xf8,
    0x67, 0x10, 0xb, 0xf7, 0xbf, 0x80, 0x2f, 0xf3,
    0x4f, 0xfe, 0xff, 0xc0, 0x5, 0xdf, 0xe9, 0x10,

    /* U+0036 "6" */
    0x0, 0x0, 0xdf, 0x70, 0x0, 0x0, 0x5f, 0xe0,
    0x0, 0x0, 0xc, 0xf7, 0x0, 0x0, 0x4, 0xff,
    0x10, 0x0, 0x0, 0xcf, 0x80, 0x0, 0x0, 0x2f,
    0xf9, 0xc9, 0x10, 0x8, 0xff, 0xff, 0xfd, 0x0,
    0xcf, 0xb1, 0x4f, 0xf4, 0xf, 0xf3, 0x0, 0xbf,
    0x70, 0xff, 0x10, 0x9, 0xf8, 0xf, 0xf2, 0x0,
    0xaf, 0x70, 0xcf, 0x90, 0x1f, 0xf4, 0x4, 0xff,
    0xef, 0xfc, 0x0, 0x4, 0xcf, 0xe9, 0x10,

    /* U+0037 "7" */
    0xef, 0xff, 0xff, 0xf6, 0xbd, 0xdd, 0xdf, 0xf5,
    0x0, 0x0, 0xf, 0xf2, 0x0, 0x0, 0x5f, 0xd0,
    0x0, 0x0, 0x9f, 0x90, 0x0, 0x0, 0xef, 0x40,
    0x0, 0x3, 0xff, 0x0, 0x0, 0x8, 0xfa, 0x0,
    0x0, 0xc, 0xf6, 0x0, 0x0, 0x1f, 0xf1, 0x0,
    0x0, 0x6f, 0xc0, 0x0, 0x0, 0xbf, 0x70, 0x0,
    0x0, 0xff, 0x30, 0x0, 0x4, 0xfe, 0x0, 0x0,

    /* U+0038 "8" */
    0x0, 0x4c, 0xfe, 0x90, 0x0, 0x2f, 0xfe, 0xff,
    0xa0, 0x9, 0xfb, 0x3, 0xff, 0x10, 0xbf, 0x60,
    0xe, 0xf3, 0xa, 0xf7, 0x0, 0xff, 0x20, 0x5f,
    0xd1, 0x6f, 0xd0, 0x0, 0xaf, 0xff, 0xe3, 0x0,
    0x1d, 0xfe, 0xff, 0x70, 0xa, 0xf9, 0x2, 0xff,
    0x20, 0xff, 0x20, 0xa, 0xf7, 0xf, 0xf1, 0x0,
    0x9f, 0x80, 0xdf, 0x80, 0x1e, 0xf5, 0x6, 0xff,
    0xef, 0xfd, 0x0, 0x5, 0xdf, 0xea, 0x10,

    /* U+0039 "9" */
    0x0, 0x4d, 0xfe, 0x91, 0x0, 0x4f, 0xfe, 0xff,
    0xc0, 0xc, 0xf9, 0x1, 0xff, 0x30, 0xff, 0x20,
    0xa, 0xf7, 0xf, 0xf1, 0x0, 0x9f, 0x80, 0xff,
    0x30, 0xb, 0xf7, 0xc, 0xfb, 0x14, 0xff, 0x40,
    0x5f, 0xff, 0xff, 0xf0, 0x0, 0x6c, 0xbc, 0xfa,
    0x0, 0x0, 0x1, 0xff, 0x40, 0x0, 0x0, 0x8f,
    0xc0, 0x0, 0x0, 0xf, 0xf4, 0x0, 0x0, 0x7,
    0xfd, 0x0, 0x0, 0x0, 0xef, 0x50, 0x0,

    /* U+003A ":" */
    0x8, 0xfd, 0x20, 0xff, 0xf8, 0xf, 0xff, 0x70,
    0x4a, 0x80, 0x0, 0x0, 0x0, 0x0, 0x0, 0x4,
    0xa8, 0x0, 0xff, 0xf7, 0xf, 0xff, 0x80, 0x8f,
    0xd2,

    /* U+003B ";" */
    0x8, 0xfd, 0x20, 0xff, 0xf8, 0xf, 0xff, 0x70,
    0x4a, 0x80, 0x0, 0x0, 0x0, 0x0, 0x0, 0x4,
    0xa8, 0x0, 0xff, 0xf7, 0xf, 0xff, 0x90, 0x8f,
    0xf6, 0x0, 0x9f, 0x20, 0x4f, 0xa0, 0x3f, 0xf2,
    0x0, 0x84, 0x0,

    /* U+003C "<" */
    0x0, 0x0, 0x0, 0x71, 0x0, 0x0, 0x3d, 0xfa,
    0x0, 0x19, 0xff, 0xc2, 0x5, 0xef, 0xe5, 0x0,
    0xaf, 0xf9, 0x10, 0x0, 0xef, 0x40, 0x0, 0x0,
    0xcf, 0xf7, 0x0, 0x0, 0x7, 0xff, 0xd3, 0x0,
    0x0, 0x2b, 0xff, 0xa1, 0x0, 0x0, 0x5e, 0xfa,
    0x0, 0x0, 0x0, 0x81,

    /* U+003D "=" */
    0xef, 0xff, 0xff, 0xf6, 0xbd, 0xdd, 0xdd, 0xd5,
    0x0, 0x0, 0x0, 0x0, 0xbd, 0xdd, 0xdd, 0xd5,
    0xef, 0xff, 0xff, 0xf6,

    /* U+003E ">" */
    0x5, 0x20, 0x0, 0x0, 0x2, 0xff, 0x80, 0x0,
    0x0, 0x7, 0xff, 0xd4, 0x0, 0x0, 0x1, 0xaf,
    0xfa, 0x10, 0x0, 0x0, 0x4d, 0xff, 0x30, 0x0,
    0x0, 0xc, 0xf6, 0x0, 0x0, 0x2c, 0xff, 0x40,
    0x0, 0x8f, 0xfc, 0x30, 0x5, 0xef, 0xf6, 0x0,
    0x3, 0xff, 0xa1, 0x0, 0x0, 0x7, 0x40, 0x0,
    0x0, 0x0,

    /* U+003F "?" */
    0x6, 0xdf, 0xea, 0x10, 0x5f, 0xfe, 0xff, 0xd0,
    0xcf, 0x80, 0x1e, 0xf4, 0x9a, 0x20, 0xc, 0xf5,
    0x0, 0x0, 0x1f, 0xf3, 0x0, 0x0, 0xcf, 0xc0,
    0x0, 0x9, 0xff, 0x20, 0x0, 0x1f, 0xf5, 0x0,
    0x0, 0x4f, 0xe0, 0x0, 0x0, 0x15, 0x40, 0x0,
    0x0, 0x4, 0x30, 0x0, 0x0, 0xbf, 0xf3, 0x0,
    0x0, 0xef, 0xf6, 0x0, 0x0, 0x7f, 0xd1, 0x0,

    /* U+0040 "@" */
    0x5, 0xdf, 0xea, 0x10, 0x3f, 0xfd, 0xef, 0xc0,
    0xbf, 0x40, 0xc, 0xf3, 0xdd, 0x0, 0x7, 0xf5,
    0xec, 0x6, 0xff, 0xf6, 0xec, 0xf, 0xd8, 0xf6,
    0xec, 0x1f, 0x94, 0xf6, 0xec, 0x1f, 0x94, 0xf6,
    0xec, 0x1f, 0x94, 0xf6, 0xec, 0x1f, 0x94, 0xf5,
    0xec, 0xf, 0xc8, 0xf4, 0xec, 0x9, 0xff, 0xc0,
    0xde, 0x0, 0x34, 0x0, 0xaf, 0x70, 0x0, 0x0,
    0x2f, 0xff, 0xff, 0x70, 0x2, 0xac, 0xdd, 0x60,

    /* U+0041 "A" */
    0x0, 0x9, 0xff, 0x10, 0x0, 0x0, 0xcf, 0xf4,
    0x0, 0x0, 0xf, 0xff, 0x70, 0x0, 0x2, 0xff,
    0xfa, 0x0, 0x0, 0x6f, 0xaf, 0xe0, 0x0, 0x9,
    0xf6, 0xef, 0x10, 0x0, 0xcf, 0x3b, 0xf4, 0x0,
    0xf, 0xf0, 0x8f, 0x70, 0x3, 0xfd, 0x5, 0xfa,
    0x0, 0x6f, 0xff, 0xff, 0xe0, 0x9, 0xfe, 0xdd,
    0xff, 0x10, 0xcf, 0x50, 0xd, 0xf4, 0xf, 0xf2,
    0x0, 0xaf, 0x73, 0xff, 0x0, 0x7, 0xfb,

    /* U+0042 "B" */
    0xef, 0xff, 0xe8, 0x0, 0xef, 0xdd, 0xff, 0x80,
    0xef, 0x30, 0x5f, 0xf0, 0xef, 0x30, 0xf, 0xf2,
    0xef, 0x30, 0xf, 0xf2, 0xef, 0x30, 0x7f, 0xd0,
    0xef, 0xff, 0xff, 0x30, 0xef, 0xdd, 0xff, 0xa0,
    0xef, 0x30, 0x1d, 0xf6, 0xef, 0x30, 0x7, 0xfa,
    0xef, 0x30, 0x7, 0xfa, 0xef, 0x30, 0x1d, 0xf7,
    0xef, 0xdd, 0xff, 0xd1, 0xef, 0xff, 0xea, 0x10,

    /* U+0043 "C" */
    0x0, 0x6d, 0xfe, 0xa1, 0x0, 0x6f, 0xfd, 0xff,
    0xc0, 0xd, 0xf7, 0x1, 0xef, 0x40, 0xff, 0x10,
    0x7, 0xa4, 0xf, 0xf1, 0x0, 0x0, 0x0, 0xff,
    0x10, 0x0, 0x0, 0xf, 0xf1, 0x0, 0x0, 0x0,
    0xff, 0x10, 0x0, 0x0, 0xf, 0xf1, 0x0, 0x0,
    0x0, 0xff, 0x10, 0x0, 0x0, 0xf, 0xf1, 0x0,
    0x7a, 0x40, 0xdf, 0x70, 0x1f, 0xf4, 0x6, 0xff,
    0xdf, 0xfc, 0x0, 0x6, 0xdf, 0xea, 0x10,

    /* U+0044 "D" */
    0xef, 0xff, 0xd7, 0x0, 0xef, 0xdd, 0xff, 0xa0,
    0xef, 0x30, 0x4f, 0xf3, 0xef, 0x30, 0xa, 0xf7,
    0xef, 0x30, 0x9, 0xf8, 0xef, 0x30, 0x9, 0xf8,
    0xef, 0x30, 0x9, 0xf8, 0xef, 0x30, 0x9, 0xf8,
    0xef, 0x30, 0x9, 0xf8, 0xef, 0x30, 0x9, 0xf8,
    0xef, 0x30, 0xa, 0xf7, 0xef, 0x30, 0x4f, 0xf3,
    0xef, 0xdd, 0xff, 0xa0, 0xef, 0xff, 0xd7, 0x0,

    /* U+0045 "E" */
    0xbf, 0xff, 0xff, 0xf6, 0xbf, 0xed, 0xdd, 0xd4,
    0xbf, 0x60, 0x0, 0x0, 0xbf, 0x60, 0x0, 0x0,
    0xbf, 0x60, 0x0, 0x0, 0xbf, 0x60, 0x0, 0x0,
    0xbf, 0xff, 0xff, 0x40, 0xbf, 0xed, 0xdd, 0x30,
    0xbf, 0x60, 0x0, 0x0, 0xbf, 0x60, 0x0, 0x0,
    0xbf, 0x60, 0x0, 0x0, 0xbf, 0x60, 0x0, 0x0,
    0xbf, 0xed, 0xdd, 0xd4, 0xbf, 0xff, 0xff, 0xf6,

    /* U+0046 "F" */
    0x5f, 0xff, 0xff, 0xf6, 0x5f, 0xfd, 0xdd, 0xd4,
    0x5f, 0xc0, 0x0, 0x0, 0x5f, 0xc0, 0x0, 0x0,
    0x5f, 0xc0, 0x0, 0x0, 0x5f, 0xc0, 0x0, 0x0,
    0x5f, 0xff, 0xff, 0x40, 0x5f, 0xfd, 0xdd, 0x30,
    0x5f, 0xc0, 0x0, 0x0, 0x5f, 0xc0, 0x0, 0x0,
    0x5f, 0xc0, 0x0, 0x0, 0x5f, 0xc0, 0x0, 0x0,
    0x5f, 0xc0, 0x0, 0x0, 0x5f, 0xc0, 0x0, 0x0,

    /* U+0047 "G" */
    0x0, 0x6d, 0xfe, 0xa1, 0x0, 0x6f, 0xfd, 0xff,
    0xc0, 0xd, 0xf7, 0x1, 0xef, 0x40, 0xff, 0x10,
    0x6, 0x93, 0xf, 0xf1, 0x0, 0x0, 0x0, 0xff,
    0x10, 0x0, 0x0, 0xf, 0xf1, 0x3d, 0xdd, 0x40,
    0xff, 0x14, 0xff, 0xf6, 0xf, 0xf1, 0x0, 0xbf,
    0x60, 0xff, 0x10, 0xb, 0xf6, 0xf, 0xf1, 0x0,
    0xcf, 0x60, 0xef, 0x70, 0x2f, 0xf6, 0x8, 0xff,
    0xdf, 0xbf, 0x60, 0xa, 0xfe, 0x59, 0xf6,

    /* U+0048 "H" */
    0xef, 0x30, 0xb, 0xf6, 0xef, 0x30, 0xb, 0xf6,
    0xef, 0x30, 0xb, 0xf6, 0xef, 0x30, 0xb, 0xf6,
    0xef, 0x30, 0xb, 0xf6, 0xef, 0x30, 0xb, 0xf6,
    0xef, 0xff, 0xff, 0xf6, 0xef, 0xdd, 0xdf, 0xf6,
    0xef, 0x30, 0xb, 0xf6, 0xef, 0x30, 0xb, 0xf6,
    0xef, 0x30, 0xb, 0xf6, 0xef, 0x30, 0xb, 0xf6,
    0xef, 0x30, 0xb, 0xf6, 0xef, 0x30, 0xb, 0xf6,

    /* U+0049 "I" */
    0x9f, 0xff, 0xff, 0xf1, 0x7d, 0xdf, 0xfd, 0xd1,
    0x0, 0x5f, 0xd0, 0x0, 0x0, 0x5f, 0xd0, 0x0,
    0x0, 0x5f, 0xd0, 0x0, 0x0, 0x5f, 0xd0, 0x0,
    0x0, 0x5f, 0xd0, 0x0, 0x0, 0x5f, 0xd0, 0x0,
    0x0, 0x5f, 0xd0, 0x0, 0x0, 0x5f, 0xd0, 0x0,
    0x0, 0x5f, 0xd0, 0x0, 0x0, 0x5f, 0xd0, 0x0,
    0x7d, 0xdf, 0xfd, 0xd1, 0x9f, 0xff, 0xff, 0xf1,

    /* U+004A "J" */
    0x0, 0x9, 0xff, 0xfc, 0x0, 0x7, 0xdd, 0xfc,
    0x0, 0x0, 0x5, 0xfc, 0x0, 0x0, 0x5, 0xfc,
    0x0, 0x0, 0x5, 0xfc, 0x0, 0x0, 0x5, 0xfc,
    0x0, 0x0, 0x5, 0xfc, 0x0, 0x0, 0x5, 0xfc,
    0x0, 0x0, 0x5, 0xfc, 0x0, 0x0, 0x5, 0xfc,
    0x1a, 0x90, 0x5, 0xfc, 0x1f, 0xf3, 0xb, 0xf9,
    0x9, 0xff, 0xef, 0xf2, 0x0, 0x9e, 0xfc, 0x40,

    /* U+004B "K" */
    0x9f, 0x80, 0xd, 0xf6, 0x9f, 0x80, 0x5f, 0xd0,
    0x9f, 0x80, 0xdf, 0x50, 0x9f, 0x86, 0xfc, 0x0,
    0x9f, 0x8d, 0xf3, 0x0, 0x9f, 0xef, 0xa0, 0x0,
    0x9f, 0xff, 0x50, 0x0, 0x9f, 0xff, 0xb0, 0x0,
    0x9f, 0xfe, 0xf2, 0x0, 0x9f, 0x97, 0xf9, 0x0,
    0x9f, 0x81, 0xff, 0x10, 0x9f, 0x80, 0xaf, 0x80,
    0x9f, 0x80, 0x3f, 0xf0, 0x9f, 0x80, 0xc, 0xf7,

    /* U+004C "L" */
    0x5f, 0xc0, 0x0, 0x0, 0x5f, 0xc0, 0x0, 0x0,
    0x5f, 0xc0, 0x0, 0x0, 0x5f, 0xc0, 0x0, 0x0,
    0x5f, 0xc0, 0x0, 0x0, 0x5f, 0xc0, 0x0, 0x0,
    0x5f, 0xc0, 0x0, 0x0, 0x5f, 0xc0, 0x0, 0x0,
    0x5f, 0xc0, 0x0, 0x0, 0x5f, 0xc0, 0x0, 0x0,
    0x5f, 0xc0, 0x0, 0x0, 0x5f, 0xc0, 0x0, 0x0,
    0x5f, 0xfd, 0xdd, 0xd6, 0x5f, 0xff, 0xff, 0xf8,

    /* U+004D "M" */
    0x4f, 0xe0, 0x0, 0x6f, 0xc4, 0xff, 0x20, 0xa,
    0xfc, 0x4f, 0xf7, 0x0, 0xff, 0xc4, 0xfe, 0xb0,
    0x3f, 0xec, 0x4f, 0xbf, 0x7, 0xde, 0xc4, 0xf9,
    0xf4, 0xc9, 0xfc, 0x4f, 0xac, 0x9f, 0x6f, 0xc4,
    0xfb, 0x8f, 0xf4, 0xfc, 0x4f, 0xc3, 0xfb, 0x4f,
    0xc4, 0xfd, 0xc, 0x65, 0xfc, 0x4f, 0xd0, 0x0,
    0x5f, 0xc4, 0xfe, 0x0, 0x6, 0xfc, 0x4f, 0xe0,
    0x0, 0x6f, 0xc4, 0xfe, 0x0, 0x6, 0xfc,

    /* U+004E "N" */
    0xef, 0x50, 0xb, 0xf6, 0xef, 0xa0, 0xb, 0xf6,
    0xef, 0xf0, 0xb, 0xf6, 0xef, 0xf5, 0xb, 0xf6,
    0xef, 0xda, 0xb, 0xf6, 0xef, 0x9f, 0xb, 0xf6,
    0xef, 0x5f, 0x5b, 0xf6, 0xef, 0x3d, 0xaa, 0xf6,
    0xef, 0x38, 0xfa, 0xf6, 0xef, 0x32, 0xfc, 0xf6,
    0xef, 0x30, 0xdf, 0xf6, 0xef, 0x30, 0x8f, 0xf6,
    0xef, 0x30, 0x2f, 0xf6, 0xef, 0x30, 0xd, 0xf6,

    /* U+004F "O" */
    0x0, 0x6d, 0xfe, 0xa1, 0x0, 0x6f, 0xfe, 0xff,
    0xd0, 0xd, 0xf8, 0x1, 0xef, 0x50, 0xff, 0x20,
    0xa, 0xf8, 0xf, 0xf1, 0x0, 0x9f, 0x80, 0xff,
    0x10, 0x9, 0xf8, 0xf, 0xf1, 0x0, 0x9f, 0x80,
    0xff, 0x10, 0x9, 0xf8, 0xf, 0xf1, 0x0, 0x9f,
    0x80, 0xff, 0x10, 0x9, 0xf8, 0xf, 0xf2, 0x0,
    0xaf, 0x80, 0xdf, 0x80, 0x1e, 0xf5, 0x6, 0xff,
    0xef, 0xfd, 0x0, 0x6, 0xdf, 0xea, 0x10,

    /* U+0050 "P" */
    0x9f, 0xff, 0xfa, 0x10, 0x9f, 0xed, 0xff, 0xd0,
    0x9f, 0x80, 0x1e, 0xf6, 0x9f, 0x80, 0x8, 0xfa,
    0x9f, 0x80, 0x7, 0xfa, 0x9f, 0x80, 0x9, 0xf9,
    0x9f, 0x80, 0x2e, 0xf5, 0x9f, 0xff, 0xff, 0xc0,
    0x9f, 0xed, 0xc7, 0x0, 0x9f, 0x80, 0x0, 0x0,
    0x9f, 0x80, 0x0, 0x0, 0x9f, 0x80, 0x0, 0x0,
    0x9f, 0x80, 0x0, 0x0, 0x9f, 0x80, 0x0, 0x0,

    /* U+0051 "Q" */
    0x0, 0x5d, 0xfe, 0xa1, 0x0, 0x5f, 0xfe, 0xff,
    0xd0, 0xc, 0xf8, 0x1, 0xef, 0x40, 0xff, 0x20,
    0xa, 0xf7, 0xf, 0xf1, 0x0, 0x9f, 0x80, 0xff,
    0x10, 0x9, 0xf8, 0xf, 0xf1, 0x0, 0x9f, 0x80,
    0xff, 0x10, 0x9, 0xf8, 0xf, 0xf1, 0x0, 0x9f,
    0x80, 0xff, 0x10, 0x9, 0xf8, 0xf, 0xf1, 0x0,
    0x9f, 0x80, 0xef, 0x50, 0xd, 0xf6, 0x9, 0xfe,
    0x8a, 0xff, 0x10, 0xb, 0xff, 0xff, 0x50, 0x0,
    0x4, 0xff, 0x10, 0x0, 0x0, 0xe, 0xf7, 0x0,
    0x0, 0x0, 0x7f, 0xff, 0x0, 0x0, 0x0, 0x5b,
    0xc0,

    /* U+0052 "R" */
    0xef, 0xff, 0xfa, 0x10, 0xef, 0xdd, 0xff, 0xc0,
    0xef, 0x30, 0x1f, 0xf4, 0xef, 0x30, 0xa, 0xf7,
    0xef, 0x30, 0x9, 0xf8, 0xef, 0x30, 0xb, 0xf7,
    0xef, 0x30, 0x3f, 0xf3, 0xef, 0xff, 0xff, 0xa0,
    0xef, 0xdf, 0xf9, 0x0, 0xef, 0x39, 0xfb, 0x0,
    0xef, 0x31, 0xff, 0x20, 0xef, 0x30, 0x9f, 0xa0,
    0xef, 0x30, 0x2f, 0xf2, 0xef, 0x30, 0xa, 0xf9,

    /* U+0053 "S" */
    0x0, 0x5d, 0xff, 0xa1, 0x0, 0x4f, 0xfe, 0xff,
    0xd0, 0xb, 0xf9, 0x1, 0xef, 0x40, 0xdf, 0x40,
    0x7, 0xb4, 0xb, 0xf7, 0x0, 0x0, 0x0, 0x5f,
    0xf6, 0x0, 0x0, 0x0, 0x8f, 0xfc, 0x20, 0x0,
    0x0, 0x5e, 0xff, 0x30, 0x0, 0x0, 0xa, 0xfe,
    0x10, 0x0, 0x0, 0xd, 0xf6, 0xb, 0xb0, 0x0,
    0x9f, 0x80, 0xef, 0x60, 0x1d, 0xf6, 0x7, 0xff,
    0xdf, 0xfe, 0x0, 0x6, 0xdf, 0xea, 0x20,

    /* U+0054 "T" */
    0xff, 0xff, 0xff, 0xf8, 0xdd, 0xdf, 0xfd, 0xd6,
    0x0, 0x5f, 0xd0, 0x0, 0x0, 0x5f, 0xd0, 0x0,
    0x0, 0x5f, 0xd0, 0x0, 0x0, 0x5f, 0xd0, 0x0,
    0x0, 0x5f, 0xd0, 0x0, 0x0, 0x5f, 0xd0, 0x0,
    0x0, 0x5f, 0xd0, 0x0, 0x0, 0x5f, 0xd0, 0x0,
    0x0, 0x5f, 0xd0, 0x0, 0x0, 0x5f, 0xd0, 0x0,
    0x0, 0x5f, 0xd0, 0x0, 0x0, 0x5f, 0xd0, 0x0,

    /* U+0055 "U" */
    0xef, 0x30, 0xb, 0xf6, 0xef, 0x30, 0xb, 0xf6,
    0xef, 0x30, 0xb, 0xf6, 0xef, 0x30, 0xb, 0xf6,
    0xef, 0x30, 0xb, 0xf6, 0xef, 0x30, 0xb, 0xf6,
    0xef, 0x30, 0xb, 0xf6, 0xef, 0x30, 0xb, 0xf6,
    0xef, 0x30, 0xb, 0xf6, 0xef, 0x30, 0xb, 0xf6,
    0xdf, 0x40, 0xc, 0xf5, 0xaf, 0xa0, 0x2f, 0xf2,
    0x3f, 0xfe, 0xff, 0xb0, 0x4, 0xdf, 0xe9, 0x0,

    /* U+0056 "V" */
    0x3f, 0xf0, 0x0, 0x7f, 0xb0, 0xff, 0x20, 0xa,
    0xf7, 0xc, 0xf5, 0x0, 0xdf, 0x40, 0x9f, 0x80,
    0xf, 0xf1, 0x6, 0xfb, 0x3, 0xfe, 0x0, 0x2f,
    0xd0, 0x5f, 0xa0, 0x0, 0xff, 0x8, 0xf7, 0x0,
    0xc, 0xf3, 0xbf, 0x40, 0x0, 0x9f, 0x6e, 0xf1,
    0x0, 0x6, 0xfa, 0xfe, 0x0, 0x0, 0x2f, 0xff,
    0xa0, 0x0, 0x0, 0xff, 0xf7, 0x0, 0x0, 0xc,
    0xff, 0x40, 0x0, 0x0, 0x9f, 0xf1, 0x0,

    /* U+0057 "W" */
    0x8f, 0x90, 0x0, 0x1f, 0xf0, 0x6f, 0xa0, 0x0,
    0x2f, 0xe0, 0x4f, 0xa0, 0x0, 0x2f, 0xc0, 0x2f,
    0xb0, 0x0, 0x3f, 0xa0, 0xf, 0xc2, 0xfa, 0x4f,
    0x80, 0xe, 0xc4, 0xfc, 0x4f, 0x60, 0xc, 0xd6,
    0xfe, 0x5f, 0x40, 0xb, 0xe8, 0xdf, 0x6f, 0x30,
    0x9, 0xea, 0x9f, 0x9f, 0x10, 0x7, 0xfc, 0x6e,
    0xbf, 0x0, 0x5, 0xfe, 0x4c, 0xed, 0x0, 0x3,
    0xff, 0x19, 0xfb, 0x0, 0x1, 0xff, 0x7, 0xf9,
    0x0, 0x0, 0xfd, 0x5, 0xf7, 0x0,

    /* U+0058 "X" */
    0x1f, 0xf3, 0x0, 0xbf, 0x90, 0xaf, 0x90, 0x1f,
    0xf2, 0x3, 0xff, 0x8, 0xfb, 0x0, 0xc, 0xf6,
    0xef, 0x40, 0x0, 0x5f, 0xff, 0xd0, 0x0, 0x0,
    0xef, 0xf6, 0x0, 0x0, 0x8, 0xff, 0x0, 0x0,
    0x0, 0x8f, 0xf0, 0x0, 0x0, 0xe, 0xff, 0x70,
    0x0, 0x5, 0xff, 0xfd, 0x0, 0x0, 0xcf, 0x6e,
    0xf4, 0x0, 0x3f, 0xf0, 0x8f, 0xb0, 0xa, 0xf9,
    0x1, 0xff, 0x21, 0xff, 0x30, 0xb, 0xf9,

    /* U+0059 "Y" */
    0x3f, 0xf1, 0x0, 0x9f, 0xb0, 0xdf, 0x60, 0xe,
    0xf5, 0x7, 0xfc, 0x4, 0xfe, 0x0, 0x1f, 0xf1,
    0x9f, 0x90, 0x0, 0xbf, 0x7e, 0xf3, 0x0, 0x5,
    0xff, 0xfd, 0x0, 0x0, 0xf, 0xff, 0x70, 0x0,
    0x0, 0x9f, 0xf1, 0x0, 0x0, 0x5, 0xfd, 0x0,
    0x0, 0x0, 0x5f, 0xd0, 0x0, 0x0, 0x5, 0xfd,
    0x0, 0x0, 0x0, 0x5f, 0xd0, 0x0, 0x0, 0x5,
    0xfd, 0x0, 0x0, 0x0, 0x5f, 0xd0, 0x0,

    /* U+005A "Z" */
    0xef, 0xff, 0xff, 0xf6, 0xbd, 0xdd, 0xdf, 0xf5,
    0x0, 0x0, 0x5f, 0xf1, 0x0, 0x0, 0xdf, 0x90,
    0x0, 0x4, 0xff, 0x20, 0x0, 0xc, 0xfa, 0x0,
    0x0, 0x3f, 0xf3, 0x0, 0x0, 0xbf, 0xb0, 0x0,
    0x2, 0xff, 0x40, 0x0, 0xa, 0xfc, 0x0, 0x0,
    0x1f, 0xf5, 0x0, 0x0, 0x8f, 0xd0, 0x0, 0x0,
    0xdf, 0xed, 0xdd, 0xd4, 0xef, 0xff, 0xff, 0xf6,

    /* U+005B "[" */
    0xdf, 0xff, 0xfa, 0xdf, 0xed, 0xd8, 0xdf, 0x40,
    0x0, 0xdf, 0x40, 0x0, 0xdf, 0x40, 0x0, 0xdf,
    0x40, 0x0, 0xdf, 0x40, 0x0, 0xdf, 0x40, 0x0,
    0xdf, 0x40, 0x0, 0xdf, 0x40, 0x0, 0xdf, 0x40,
    0x0, 0xdf, 0x40, 0x0, 0xdf, 0x40, 0x0, 0xdf,
    0x40, 0x0, 0xdf, 0x40, 0x0, 0xdf, 0x40, 0x0,
    0xdf, 0xdd, 0xd8, 0xdf, 0xff, 0xfa,

    /* U+005C "\\" */
    0x7, 0x81, 0x0, 0x0, 0x0, 0xcf, 0x60, 0x0,
    0x0, 0x7, 0xfb, 0x0, 0x0, 0x0, 0x2f, 0xf0,
    0x0, 0x0, 0x0, 0xdf, 0x40, 0x0, 0x0, 0x9,
    0xf9, 0x0, 0x0, 0x0, 0x4f, 0xd0, 0x0, 0x0,
    0x0, 0xff, 0x20, 0x0, 0x0, 0xb, 0xf7, 0x0,
    0x0, 0x0, 0x6f, 0xc0, 0x0, 0x0, 0x1, 0xff,
    0x10, 0x0, 0x0, 0xd, 0xf5, 0x0, 0x0, 0x0,
    0x8f, 0xa0, 0x0, 0x0, 0x3, 0xfe, 0x0, 0x0,
    0x0, 0xe, 0xf3, 0x0, 0x0, 0x0, 0xaf, 0x80,
    0x0, 0x0, 0x5, 0xfd, 0x0, 0x0, 0x0, 0x1f,
    0xf1, 0x0, 0x0, 0x0, 0xcf, 0x60,

    /* U+005D "]" */
    0x2f, 0xff, 0xff, 0x52, 0xdd, 0xdf, 0xf5, 0x0,
    0x0, 0xcf, 0x50, 0x0, 0xc, 0xf5, 0x0, 0x0,
    0xcf, 0x50, 0x0, 0xc, 0xf5, 0x0, 0x0, 0xcf,
    0x50, 0x0, 0xc, 0xf5, 0x0, 0x0, 0xcf, 0x50,
    0x0, 0xc, 0xf5, 0x0, 0x0, 0xcf, 0x50, 0x0,
    0xc, 0xf5, 0x0, 0x0, 0xcf, 0x50, 0x0, 0xc,
    0xf5, 0x0, 0x0, 0xcf, 0x50, 0x0, 0xc, 0xf5,
    0x2d, 0xdd, 0xff, 0x52, 0xff, 0xff, 0xf5,

    /* U+005E "^" */
    0x0, 0xb, 0xff, 0x30, 0x0, 0x0, 0x6f, 0xff,
    0xd0, 0x0, 0x2, 0xff, 0x4c, 0xf9, 0x0, 0xc,
    0xfa, 0x2, 0xff, 0x40, 0x5f, 0xe1, 0x0, 0x8f,
    0xc0, 0x3, 0x40, 0x0, 0x7, 0x0,

    /* U+005F "_" */
    0xbd, 0xdd, 0xdd, 0xd4, 0xef, 0xff, 0xff, 0xf6,

    /* U+0060 "`" */
    0x0, 0x20, 0x0, 0x3d, 0xe1, 0x0, 0x1d, 0xfc,
    0x0, 0x1, 0xef, 0xa0, 0x0, 0x2e, 0xf6, 0x0,
    0x3, 0xb2,

    /* U+0061 "a" */
    0x0, 0x7d, 0xff, 0xa1, 0x0, 0x7f, 0xfd, 0xff,
    0xd0, 0xd, 0xf6, 0x1, 0xef, 0x40, 0x0, 0x0,
    0xb, 0xf5, 0x0, 0x6d, 0xff, 0xff, 0x60, 0x8f,
    0xfe, 0xdf, 0xf6, 0xf, 0xf5, 0x0, 0xbf, 0x60,
    0xff, 0x30, 0x1e, 0xf6, 0xc, 0xff, 0xce, 0xef,
    0x60, 0x2b, 0xfe, 0x6b, 0xf6,

    /* U+0062 "b" */
    0xef, 0x30, 0x0, 0x0, 0xef, 0x30, 0x0, 0x0,
    0xef, 0x30, 0x0, 0x0, 0xef, 0x30, 0x0, 0x0,
    0xef, 0x5b, 0xfd, 0x40, 0xef, 0xed, 0xef, 0xf1,
    0xef, 0x90, 0x1e, 0xf6, 0xef, 0x40, 0x9, 0xf8,
    0xef, 0x30, 0x9, 0xf8, 0xef, 0x30, 0x9, 0xf8,
    0xef, 0x40, 0x9, 0xf8, 0xef, 0x90, 0x1e, 0xf6,
    0xef, 0xed, 0xef, 0xf1, 0xef, 0x5b, 0xfd, 0x40,

    /* U+0063 "c" */
    0x0, 0x6d, 0xfe, 0xa1, 0x0, 0x6f, 0xfd, 0xff,
    0xc0, 0xd, 0xf7, 0x1, 0xef, 0x30, 0xff, 0x10,
    0x7, 0xa4, 0xf, 0xf1, 0x0, 0x0, 0x0, 0xff,
    0x10, 0x0, 0x0, 0xf, 0xf1, 0x0, 0x7a, 0x40,
    0xdf, 0x70, 0x1e, 0xf4, 0x6, 0xff, 0xdf, 0xfd,
    0x0, 0x6, 0xdf, 0xea, 0x10,

    /* U+0064 "d" */
    0x0, 0x0, 0x0, 0xbf, 0x60, 0x0, 0x0, 0xb,
    0xf6, 0x0, 0x0, 0x0, 0xbf, 0x60, 0x0, 0x0,
    0xb, 0xf6, 0x0, 0xaf, 0xe6, 0xbf, 0x60, 0x8f,
    0xfd, 0xfe, 0xf6, 0xe, 0xf7, 0x2, 0xff, 0x60,
    0xff, 0x10, 0xc, 0xf6, 0xf, 0xf1, 0x0, 0xbf,
    0x60, 0xff, 0x10, 0xb, 0xf6, 0xf, 0xf1, 0x0,
    0xcf, 0x60, 0xef, 0x70, 0x2f, 0xf6, 0x8, 0xff,
    0xdf, 0xef, 0x60, 0xa, 0xfe, 0x6b, 0xf6,

    /* U+0065 "e" */
    0x0, 0x6d, 0xff, 0xa1, 0x0, 0x6f, 0xfd, 0xff,
    0xd0, 0xd, 0xf7, 0x1, 0xef, 0x50, 0xff, 0x10,
    0x9, 0xf8, 0xf, 0xff, 0xff, 0xff, 0x80, 0xff,
    0xdd, 0xdd, 0xd6, 0xf, 0xf1, 0x0, 0x1, 0x0,
    0xdf, 0x70, 0xd, 0xf6, 0x6, 0xff, 0xee, 0xfe,
    0x10, 0x6, 0xdf, 0xfb, 0x20,

    /* U+0066 "f" */
    0x0, 0xa, 0xff, 0x90, 0x0, 0x8f, 0xff, 0xf7,
    0x0, 0xcf, 0x55, 0xd9, 0x0, 0xdf, 0x40, 0x0,
    0x0, 0xdf, 0x40, 0x0, 0xef, 0xff, 0xff, 0xf0,
    0xbd, 0xff, 0xdd, 0xd0, 0x0, 0xdf, 0x40, 0x0,
    0x0, 0xdf, 0x40, 0x0, 0x0, 0xdf, 0x40, 0x0,
    0x0, 0xdf, 0x40, 0x0, 0x0, 0xdf, 0x40, 0x0,
    0x0, 0xdf, 0x40, 0x0, 0x0, 0xdf, 0x40, 0x0,

    /* U+0067 "g" */
    0x0, 0xaf, 0xe6, 0xbf, 0x60, 0x8f, 0xfd, 0xfe,
    0xf6, 0xe, 0xf7, 0x2, 0xff, 0x60, 0xff, 0x10,
    0xc, 0xf6, 0xf, 0xf1, 0x0, 0xbf, 0x60, 0xff,
    0x10, 0xb, 0xf6, 0xf, 0xf1, 0x0, 0xcf, 0x60,
    0xef, 0x70, 0x2f, 0xf6, 0x8, 0xff, 0xdf, 0xef,
    0x60, 0xa, 0xfe, 0x6b, 0xf6, 0x0, 0x0, 0x0,
    0xcf, 0x50, 0xbd, 0x50, 0x2f, 0xf3, 0x8, 0xff,
    0xdf, 0xfc, 0x0, 0x7, 0xdf, 0xe9, 0x10,

    /* U+0068 "h" */
    0xef, 0x30, 0x0, 0x0, 0xef, 0x30, 0x0, 0x0,
    0xef, 0x30, 0x0, 0x0, 0xef, 0x30, 0x0, 0x0,
    0xef, 0x5b, 0xfd, 0x30, 0xef, 0xdd, 0xff, 0xe0,
    0xef, 0x90, 0x2f, 0xf3, 0xef, 0x40, 0xc, 0xf5,
    0xef, 0x30, 0xb, 0xf6, 0xef, 0x30, 0xb, 0xf6,
    0xef, 0x30, 0xb, 0xf6, 0xef, 0x30, 0xb, 0xf6,
    0xef, 0x30, 0xb, 0xf6, 0xef, 0x30, 0xb, 0xf6,

    /* U+0069 "i" */
    0x0, 0x5f, 0xd1, 0x0, 0x0, 0xaf, 0xf5, 0x0,
    0x0, 0x5f, 0xe1, 0x0, 0x0, 0x0, 0x0, 0x0,
    0x5f, 0xff, 0xf0, 0x0, 0x4d, 0xdf, 0xf0, 0x0,
    0x0, 0x3f, 0xf0, 0x0, 0x0, 0x3f, 0xf0, 0x0,
    0x0, 0x3f, 0xf0, 0x0, 0x0, 0x3f, 0xf0, 0x0,
    0x0, 0x3f, 0xf0, 0x0, 0x0, 0x3f, 0xf0, 0x0,
    0x7d, 0xdf, 0xfd, 0xd1, 0x9f, 0xff, 0xff, 0xf1,

    /* U+006A "j" */
    0x0, 0x0, 0x5f, 0xd1, 0x0, 0x0, 0xbf, 0xf4,
    0x0, 0x0, 0x5f, 0xd1, 0x0, 0x0, 0x0, 0x0,
    0x0, 0x6f, 0xff, 0xf0, 0x0, 0x4d, 0xdf, 0xf0,
    0x0, 0x0, 0x1f, 0xf0, 0x0, 0x0, 0x1f, 0xf0,
    0x0, 0x0, 0x1f, 0xf0, 0x0, 0x0, 0x1f, 0xf0,
    0x0, 0x0, 0x1f, 0xf0, 0x0, 0x0, 0x1f, 0xf0,
    0x0, 0x0, 0x1f, 0xf0, 0x0, 0x0, 0x1f, 0xf0,
    0x22, 0x0, 0x2f, 0xf0, 0xdf, 0x60, 0x7f, 0xd0,
    0x7f, 0xfd, 0xff, 0x60, 0x8, 0xef, 0xe7, 0x0,

    /* U+006B "k" */
    0x9f, 0x80, 0x0, 0x0, 0x9f, 0x80, 0x0, 0x0,
    0x9f, 0x80, 0x0, 0x0, 0x9f, 0x80, 0x0, 0x0,
    0x9f, 0x80, 0x1f, 0xf5, 0x9f, 0x80, 0xbf, 0x90,
    0x9f, 0x85, 0xfd, 0x0, 0x9f, 0x9e, 0xf3, 0x0,
    0x9f, 0xff, 0x90, 0x0, 0x9f, 0xff, 0xe1, 0x0,
    0x9f, 0xea, 0xf9, 0x0, 0x9f, 0x81, 0xff, 0x30,
    0x9f, 0x80, 0x7f, 0xc0, 0x9f, 0x80, 0xe, 0xf6,

    /* U+006C "l" */
    0x5f, 0xff, 0xf0, 0x0, 0x4d, 0xdf, 0xf0, 0x0,
    0x0, 0x3f, 0xf0, 0x0, 0x0, 0x3f, 0xf0, 0x0,
    0x0, 0x3f, 0xf0, 0x0, 0x0, 0x3f, 0xf0, 0x0,
    0x0, 0x3f, 0xf0, 0x0, 0x0, 0x3f, 0xf0, 0x0,
    0x0, 0x3f, 0xf0, 0x0, 0x0, 0x3f, 0xf0, 0x0,
    0x0, 0x3f, 0xf0, 0x0, 0x0, 0x3f, 0xf0, 0x0,
    0x7d, 0xdf, 0xfd, 0xd1, 0x9f, 0xff, 0xff, 0xf1,

    /* U+006D "m" */
    0x4f, 0xdd, 0xe4, 0xde, 0x24, 0xff, 0xcf, 0xfb,
    0xf9, 0x4f, 0xb3, 0xfb, 0x3f, 0xc4, 0xfb, 0x3f,
    0xb3, 0xfc, 0x4f, 0xb3, 0xfb, 0x3f, 0xc4, 0xfb,
    0x3f, 0xb3, 0xfc, 0x4f, 0xb3, 0xfb, 0x3f, 0xc4,
    0xfb, 0x3f, 0xb3, 0xfc, 0x4f, 0xb3, 0xfb, 0x3f,
    0xc4, 0xfb, 0x3f, 0xb3, 0xfc,

    /* U+006E "n" */
    0xef, 0x5c, 0xfd, 0x30, 0xef, 0xeb, 0xef, 0xe0,
    0xef, 0x80, 0x1f, 0xf3, 0xef, 0x40, 0xc, 0xf5,
    0xef, 0x30, 0xb, 0xf6, 0xef, 0x30, 0xb, 0xf6,
    0xef, 0x30, 0xb, 0xf6, 0xef, 0x30, 0xb, 0xf6,
    0xef, 0x30, 0xb, 0xf6, 0xef, 0x30, 0xb, 0xf6,

    /* U+006F "o" */
    0x0, 0x6d, 0xff, 0xa1, 0x0, 0x6f, 0xfd, 0xff,
    0xd0, 0xd, 0xf7, 0x1, 0xef, 0x50, 0xff, 0x10,
    0x9, 0xf8, 0xf, 0xf1, 0x0, 0x9f, 0x80, 0xff,
    0x10, 0x9, 0xf8, 0xf, 0xf1, 0x0, 0x9f, 0x80,
    0xdf, 0x70, 0x1e, 0xf5, 0x6, 0xff, 0xef, 0xfd,
    0x0, 0x6, 0xdf, 0xfa, 0x10,

    /* U+0070 "p" */
    0xef, 0x5b, 0xfd, 0x40, 0xef, 0xeb, 0xdf, 0xf1,
    0xef, 0x80, 0xd, 0xf6, 0xef, 0x40, 0x9, 0xf8,
    0xef, 0x30, 0x9, 0xf8, 0xef, 0x30, 0x9, 0xf8,
    0xef, 0x40, 0x9, 0xf8, 0xef, 0xa0, 0x1e, 0xf6,
    0xef, 0xde, 0xff, 0xf1, 0xef, 0x5b, 0xfd, 0x40,
    0xef, 0x30, 0x0, 0x0, 0xef, 0x30, 0x0, 0x0,
    0xef, 0x30, 0x0, 0x0, 0xef, 0x30, 0x0, 0x0,

    /* U+0071 "q" */
    0x0, 0xaf, 0xe6, 0xbf, 0x60, 0x8f, 0xfd, 0xfe,
    0xf6, 0xe, 0xf7, 0x2, 0xff, 0x60, 0xff, 0x10,
    0xc, 0xf6, 0xf, 0xf1, 0x0, 0xbf, 0x60, 0xff,
    0x10, 0xb, 0xf6, 0xf, 0xf1, 0x0, 0xcf, 0x60,
    0xef, 0x70, 0x2f, 0xf6, 0x8, 0xff, 0xdf, 0xef,
    0x60, 0xa, 0xfe, 0x6b, 0xf6, 0x0, 0x0, 0x0,
    0xbf, 0x60, 0x0, 0x0, 0xb, 0xf6, 0x0, 0x0,
    0x0, 0xbf, 0x60, 0x0, 0x0, 0xb, 0xf6,

    /* U+0072 "r" */
    0xdf, 0x5b, 0xfc, 0x1d, 0xfd, 0xbe, 0xf8, 0xdf,
    0xa0, 0x7f, 0xbd, 0xf6, 0x0, 0x0, 0xdf, 0x50,
    0x0, 0xd, 0xf5, 0x0, 0x0, 0xdf, 0x50, 0x0,
    0xd, 0xf5, 0x0, 0x0, 0xdf, 0x50, 0x0, 0xd,
    0xf5, 0x0, 0x0,

    /* U+0073 "s" */
    0x7, 0xdf, 0xfb, 0x20, 0x6f, 0xfd, 0xef, 0xe0,
    0xbf, 0x70, 0xc, 0xd2, 0x9f, 0xc1, 0x0, 0x0,
    0x1e, 0xff, 0xc6, 0x0, 0x1, 0x8e, 0xff, 0xa0,
    0x0, 0x0, 0x4f, 0xf3, 0xac, 0x40, 0xd, 0xf5,
    0x8f, 0xfd, 0xff, 0xf1, 0x8, 0xef, 0xfb, 0x30,

    /* U+0074 "t" */
    0x2, 0xff, 0x0, 0x0, 0x2, 0xff, 0x0, 0x0,
    0x2, 0xff, 0x0, 0x0, 0x2, 0xff, 0x0, 0x0,
    0xaf, 0xff, 0xff, 0xf0, 0x8d, 0xff, 0xdd, 0xc0,
    0x2, 0xff, 0x0, 0x0, 0x2, 0xff, 0x0, 0x0,
    0x2, 0xff, 0x0, 0x0, 0x2, 0xff, 0x0, 0x0,
    0x2, 0xff, 0x3, 0xa9, 0x0, 0xff, 0x27, 0xfb,
    0x0, 0xbf, 0xef, 0xf5, 0x0, 0x1b, 0xfe, 0x80,

    /* U+0075 "u" */
    0xef, 0x30, 0xb, 0xf6, 0xef, 0x30, 0xb, 0xf6,
    0xef, 0x30, 0xb, 0xf6, 0xef, 0x30, 0xb, 0xf6,
    0xef, 0x30, 0xb, 0xf6, 0xef, 0x30, 0xb, 0xf6,
    0xdf, 0x40, 0xc, 0xf6, 0xbf, 0x90, 0x2f, 0xf6,
    0x6f, 0xfe, 0xfe, 0xf6, 0x9, 0xfe, 0x6b, 0xf6,

    /* U+0076 "v" */
    0x2f, 0xf0, 0x0, 0x8f, 0xa0, 0xef, 0x40, 0xc,
    0xf6, 0x9, 0xf8, 0x0, 0xff, 0x10, 0x4f, 0xc0,
    0x4f, 0xc0, 0x0, 0xff, 0x8, 0xf8, 0x0, 0xb,
    0xf4, 0xcf, 0x30, 0x0, 0x7f, 0x9f, 0xf0, 0x0,
    0x2, 0xff, 0xfa, 0x0, 0x0, 0xe, 0xff, 0x60,
    0x0, 0x0, 0x9f, 0xf1, 0x0,

    /* U+0077 "w" */
    0x7f, 0x90, 0x0, 0x1f, 0xf0, 0x5f, 0xa0, 0x0,
    0x2f, 0xd0, 0x2f, 0xb0, 0x31, 0x3f, 0xa0, 0xf,
    0xc3, 0xfb, 0x4f, 0x70, 0xd, 0xd6, 0xfe, 0x5f,
    0x50, 0xa, 0xe8, 0xcf, 0x7f, 0x20, 0x8, 0xfb,
    0x7f, 0xaf, 0x0, 0x5, 0xfe, 0x4c, 0xed, 0x0,
    0x2, 0xff, 0x8, 0xfa, 0x0, 0x0, 0xfd, 0x5,
    0xf8, 0x0,

    /* U+0078 "x" */
    0xd, 0xf8, 0x1, 0xff, 0x50, 0x4f, 0xf1, 0x8f,
    0xc0, 0x0, 0xbf, 0xaf, 0xf3, 0x0, 0x3, 0xff,
    0xfa, 0x0, 0x0, 0x9, 0xff, 0x20, 0x0, 0x0,
    0x9f, 0xf2, 0x0, 0x0, 0x3f, 0xff, 0xa0, 0x0,
    0xb, 0xfa, 0xff, 0x30, 0x4, 0xff, 0x18, 0xfc,
    0x0, 0xdf, 0x80, 0x1f, 0xf5,

    /* U+0079 "y" */
    0xf, 0xf3, 0x0, 0xbf, 0x70, 0xbf, 0x60, 0xe,
    0xf3, 0x6, 0xfa, 0x2, 0xfe, 0x0, 0x2f, 0xe0,
    0x5f, 0xa0, 0x0, 0xdf, 0x29, 0xf5, 0x0, 0x9,
    0xf6, 0xdf, 0x10, 0x0, 0x4f, 0xaf, 0xd0, 0x0,
    0x0, 0xff, 0xf8, 0x0, 0x0, 0xb, 0xff, 0x40,
    0x0, 0x0, 0x7f, 0xf0, 0x0, 0x0, 0x7, 0xfb,
    0x0, 0x0, 0x0, 0xbf, 0x70, 0x0, 0x0, 0xf,
    0xf2, 0x0, 0x0, 0x4, 0xfe, 0x0, 0x0,

    /* U+007A "z" */
    0xef, 0xff, 0xff, 0xf6, 0xbd, 0xdd, 0xdf, 0xf5,
    0x0, 0x0, 0x6f, 0xc0, 0x0, 0x3, 0xfe, 0x10,
    0x0, 0x1e, 0xf4, 0x0, 0x0, 0xbf, 0x70, 0x0,
    0x8, 0xfa, 0x0, 0x0, 0x5f, 0xd0, 0x0, 0x0,
    0xdf, 0xed, 0xdd, 0xd4, 0xef, 0xff, 0xff, 0xf6,

    /* U+007B "{" */
    0x0, 0x1, 0x8b, 0x80, 0x3, 0xef, 0xfa, 0x0,
    0xdf, 0xb2, 0x0, 0x1f, 0xf1, 0x0, 0x0, 0xff,
    0x20, 0x0, 0xc, 0xf9, 0x0, 0x0, 0x5f, 0xd0,
    0x0, 0x3, 0xfe, 0x0, 0x2, 0xbf, 0xa0, 0x8,
    0xff, 0xb1, 0x0, 0x6e, 0xfd, 0x20, 0x0, 0x9,
    0xfc, 0x0, 0x0, 0x3f, 0xe0, 0x0, 0x8, 0xfb,
    0x0, 0x0, 0xef, 0x50, 0x0, 0x1f, 0xf0, 0x0,
    0x0, 0xff, 0x70, 0x0, 0x6, 0xff, 0xf8, 0x0,
    0x4, 0xbe, 0xa0,

    /* U+007C "|" */
    0x14, 0x35, 0xfd, 0x5f, 0xd5, 0xfd, 0x5f, 0xd5,
    0xfd, 0x5f, 0xd5, 0xfd, 0x5f, 0xd5, 0xfd, 0x5f,
    0xd5, 0xfd, 0x5f, 0xd5, 0xfd, 0x5f, 0xd5, 0xfd,
    0x5f, 0xd5, 0xfd, 0x5f, 0xd0,

    /* U+007D "}" */
    0x2c, 0xa5, 0x0, 0x0, 0x2f, 0xff, 0xa0, 0x0,
    0x0, 0x5f, 0xf5, 0x0, 0x0, 0x9, 0xf9, 0x0,
    0x0, 0xa, 0xf8, 0x0, 0x0, 0x1f, 0xf4, 0x0,
    0x0, 0x5f, 0xd0, 0x0, 0x0, 0x6f, 0xb0, 0x0,
    0x0, 0x2f, 0xf5, 0x0, 0x0, 0x5, 0xff, 0xf0,
    0x0, 0x9, 0xff, 0xd0, 0x0, 0x4f, 0xe2, 0x0,
    0x0, 0x6f, 0xb0, 0x0, 0x0, 0x4f, 0xf1, 0x0,
    0x0, 0xd, 0xf6, 0x0, 0x0, 0x8, 0xf9, 0x0,
    0x0, 0x2d, 0xf7, 0x0, 0x2d, 0xff, 0xd1, 0x0,
    0x2f, 0xd8, 0x10, 0x0,

    /* U+007E "~" */
    0x0, 0x47, 0x20, 0x3, 0x0, 0x6, 0xff, 0xf3,
    0x1f, 0xf2, 0x1f, 0xfe, 0xfd, 0xaf, 0xd0, 0x9f,
    0xc1, 0xef, 0xff, 0x40, 0x4b, 0x40, 0x3e, 0xf6,
    0x0,

    /* U+4E2D "中" */
    0x0, 0x0, 0x0, 0xe, 0xf7, 0x0, 0x0, 0x0,
    0x0, 0x0, 0x0, 0x0, 0xef, 0x70, 0x0, 0x0,
    0x0, 0x0, 0x0, 0x0, 0xe, 0xf7, 0x0, 0x0,
    0x0, 0x5, 0xff, 0xff, 0xff, 0xff, 0xff, 0xff,
    0xff, 0xf5, 0x5f, 0xff, 0xff, 0xff, 0xff, 0xff,
    0xff, 0xff, 0x55, 0xff, 0x44, 0x44, 0xff, 0xa4,
    0x44, 0x4f, 0xf5, 0x5f, 0xf0, 0x0, 0xe, 0xf7,
    0x0, 0x0, 0xff, 0x55, 0xff, 0x0, 0x0, 0xef,
    0x70, 0x0, 0xf, 0xf5, 0x5f, 0xf0, 0x0, 0xe,
    0xf7, 0x0, 0x0, 0xff, 0x55, 0xff, 0x44, 0x44,
    0xff, 0xa4, 0x44, 0x5f, 0xf5, 0x5f, 0xff, 0xff,
    0xff, 0xff, 0xff, 0xff, 0xff, 0x55, 0xff, 0xff,
    0xff, 0xff, 0xff, 0xff, 0xff, 0xf5, 0x3a, 0xa0,
    0x0, 0xe, 0xf7, 0x0, 0x0, 0x99, 0x30, 0x0,
    0x0, 0x0, 0xef, 0x70, 0x0, 0x0, 0x0, 0x0,
    0x0, 0x0, 0xe, 0xf7, 0x0, 0x0, 0x0, 0x0,
    0x0, 0x0, 0x0, 0xef, 0x70, 0x0, 0x0, 0x0,
    0x0, 0x0, 0x0, 0xe, 0xf7, 0x0, 0x0, 0x0,
    0x0, 0x0, 0x0, 0x0, 0xef, 0x70, 0x0, 0x0,
    0x0,

    /* U+4E3A "为" */
    0x0, 0x4, 0x50, 0xe, 0xf7, 0x0, 0x0, 0x0,
    0x0, 0x0, 0x4f, 0xf4, 0xe, 0xf7, 0x0, 0x0,
    0x0, 0x0, 0x0, 0xa, 0xfe, 0xe, 0xf6, 0x0,
    0x0, 0x0, 0x0, 0x0, 0x1, 0xb5, 0xe, 0xf6,
    0x0, 0x0, 0x0, 0x0, 0xb, 0xee, 0xee, 0xef,
    0xff, 0xee, 0xee, 0xee, 0xe2, 0xc, 0xff, 0xff,
    0xff, 0xff, 0xff, 0xff, 0xff, 0xf2, 0x4, 0x66,
    0x66, 0x8f, 0xf7, 0x66, 0x66, 0x8f, 0xf1, 0x0,
    0x0, 0x0, 0x6f, 0xf0, 0x0, 0x0, 0x5f, 0xf0,
    0x0, 0x0, 0x0, 0xbf, 0xc1, 0x71, 0x0, 0x5f,
    0xf0, 0x0, 0x0, 0x1, 0xff, 0x7c, 0xfb, 0x0,
    0x6f, 0xf0, 0x0, 0x0, 0x7, 0xff, 0x23, 0xff,
    0x50, 0x7f, 0xe0, 0x0, 0x0, 0xe, 0xfb, 0x0,
    0xaf, 0xe0, 0x8f, 0xd0, 0x0, 0x0, 0x9f, 0xf4,
    0x0, 0x2e, 0x70, 0xaf, 0xc0, 0x0, 0x5, 0xff,
    0xa0, 0x0, 0x0, 0x0, 0xbf, 0xb0, 0x0, 0x4f,
    0xfe, 0x10, 0x0, 0x0, 0x0, 0xef, 0x90, 0x7,
    0xff, 0xf3, 0x0, 0x0, 0x45, 0x58, 0xff, 0x60,
    0xb, 0xff, 0x30, 0x0, 0x0, 0x7f, 0xff, 0xff,
    0x10, 0x0, 0x92, 0x0, 0x0, 0x0, 0x2f, 0xff,
    0xc4, 0x0,

    /* U+4E3B "主" */
    0x0, 0x0, 0x0, 0x4, 0xc4, 0x0, 0x0, 0x0,
    0x0, 0x0, 0x0, 0x0, 0x2, 0xef, 0xf7, 0x0,
    0x0, 0x0, 0x0, 0x0, 0x0, 0x0, 0x1, 0xcf,
    0xfa, 0x0, 0x0, 0x0, 0x0, 0x15, 0x55, 0x55,
    0x56, 0xef, 0xb5, 0x55, 0x55, 0x0, 0x3, 0xff,
    0xff, 0xff, 0xff, 0xff, 0xff, 0xff, 0xf2, 0x0,
    0x2e, 0xee, 0xee, 0xef, 0xff, 0xee, 0xee, 0xee,
    0x20, 0x0, 0x0, 0x0, 0x0, 0xcf, 0xc0, 0x0,
    0x0, 0x0, 0x0, 0x0, 0x0, 0x0, 0xc, 0xfc,
    0x0, 0x0, 0x0, 0x0, 0x0, 0x0, 0x0, 0x0,
    0xcf, 0xc0, 0x0, 0x0, 0x0, 0x0, 0x3, 0xff,
    0xff, 0xff, 0xff, 0xff, 0xff, 0xf4, 0x0, 0x0,
    0x3f, 0xff, 0xff, 0xff, 0xff, 0xff, 0xff, 0x40,
    0x0, 0x0, 0x33, 0x33, 0x3c, 0xfc, 0x33, 0x33,
    0x30, 0x0, 0x0, 0x0, 0x0, 0x0, 0xcf, 0xc0,
    0x0, 0x0, 0x0, 0x0, 0x0, 0x0, 0x0, 0xc,
    0xfc, 0x0, 0x0, 0x0, 0x0, 0x2, 0x22, 0x22,
    0x22, 0xcf, 0xc2, 0x22, 0x22, 0x22, 0x0, 0xff,
    0xff, 0xff, 0xff, 0xff, 0xff, 0xff, 0xff, 0xf1,
    0xf, 0xff, 0xff, 0xff, 0xff, 0xff, 0xff, 0xff,
    0xff, 0x10, 0x11, 0x11, 0x11, 0x11, 0x11, 0x11,
    0x11, 0x11, 0x10,

    /* U+4EF6 "件" */
    0x0, 0x0, 0x0, 0x0, 0x0, 0x0, 0x0, 0x0,
    0x0, 0x0, 0x0, 0x9, 0xd6, 0x0, 0x0, 0xdf,
    0x70, 0x0, 0x0, 0x0, 0x1, 0xff, 0x72, 0xfc,
    0xd, 0xf7, 0x0, 0x0, 0x0, 0x0, 0x7f, 0xf1,
    0x6f, 0xe0, 0xdf, 0x70, 0x0, 0x0, 0x0, 0x1e,
    0xf9, 0xa, 0xfc, 0x4d, 0xfa, 0x44, 0x42, 0x0,
    0x9, 0xff, 0x10, 0xff, 0xff, 0xff, 0xff, 0xff,
    0x70, 0x4, 0xff, 0xe0, 0x6f, 0xff, 0xff, 0xff,
    0xff, 0xf7, 0x1, 0xef, 0xfe, 0xd, 0xf9, 0x0,
    0xdf, 0x70, 0x0, 0x0, 0x6f, 0xff, 0xe1, 0x9f,
    0x20, 0xd, 0xf7, 0x0, 0x0, 0x0, 0xda, 0xfe,
    0x0, 0x10, 0x0, 0xdf, 0x70, 0x0, 0x0, 0x1,
    0x4f, 0xe0, 0xef, 0xff, 0xff, 0xff, 0xff, 0xff,
    0x50, 0x4, 0xfe, 0xf, 0xff, 0xff, 0xff, 0xff,
    0xff, 0xf6, 0x0, 0x4f, 0xe0, 0x44, 0x44, 0x4d,
    0xf9, 0x44, 0x44, 0x10, 0x4, 0xfe, 0x0, 0x0,
    0x0, 0xdf, 0x70, 0x0, 0x0, 0x0, 0x4f, 0xe0,
    0x0, 0x0, 0xd, 0xf7, 0x0, 0x0, 0x0, 0x4,
    0xfe, 0x0, 0x0, 0x0, 0xdf, 0x70, 0x0, 0x0,
    0x0, 0x4f, 0xe0, 0x0, 0x0, 0xd, 0xf7, 0x0,
    0x0, 0x0, 0x4, 0xfe, 0x0, 0x0, 0x0, 0xdf,
    0x70, 0x0, 0x0, 0x0, 0x3f, 0xe0, 0x0, 0x0,
    0xd, 0xf7, 0x0, 0x0, 0x0,

    /* U+4FDD "保" */
    0x0, 0x0, 0x58, 0x20, 0x0, 0x0, 0x0, 0x0,
    0x0, 0x0, 0x0, 0xd, 0xf8, 0xef, 0xff, 0xff,
    0xff, 0xff, 0x50, 0x0, 0x5, 0xff, 0x1e, 0xff,
    0xff, 0xff, 0xff, 0xf5, 0x0, 0x0, 0xef, 0x90,
    0xef, 0x40, 0x0, 0x0, 0xff, 0x50, 0x0, 0xaf,
    0xf3, 0xe, 0xf4, 0x0, 0x0, 0xf, 0xf5, 0x0,
    0x6f, 0xff, 0x20, 0xef, 0xff, 0xff, 0xff, 0xff,
    0x50, 0x5f, 0xff, 0xf2, 0xe, 0xff, 0xff, 0xff,
    0xff, 0xf5, 0x4, 0xfe, 0xff, 0x20, 0x0, 0x0,
    0xef, 0x60, 0x0, 0x0, 0xc, 0x4f, 0xf2, 0x0,
    0x0, 0xe, 0xf6, 0x0, 0x0, 0x0, 0x10, 0xff,
    0x3f, 0xff, 0xff, 0xff, 0xff, 0xff, 0xf4, 0x0,
    0xf, 0xf3, 0xff, 0xff, 0xff, 0xff, 0xff, 0xff,
    0x40, 0x0, 0xff, 0x20, 0x0, 0x8f, 0xff, 0xfc,
    0x0, 0x0, 0x0, 0xf, 0xf2, 0x0, 0x4f, 0xff,
    0xff, 0xf9, 0x0, 0x0, 0x0, 0xff, 0x20, 0x4f,
    0xfa, 0xef, 0x9f, 0xf7, 0x0, 0x0, 0xf, 0xf2,
    0x6f, 0xfc, 0xe, 0xf5, 0x7f, 0xf9, 0x0, 0x0,
    0xff, 0x8f, 0xfd, 0x10, 0xef, 0x50, 0xaf, 0xf8,
    0x0, 0xf, 0xf2, 0xbb, 0x10, 0xe, 0xf5, 0x0,
    0xac, 0x0, 0x0, 0xff, 0x20, 0x0, 0x0, 0xef,
    0x50, 0x0, 0x10,

    /* U+5076 "偶" */
    0x0, 0x0, 0x67, 0x20, 0x0, 0x0, 0x0, 0x0,
    0x0, 0x0, 0x0, 0xef, 0x7f, 0xff, 0xff, 0xff,
    0xff, 0xf4, 0x0, 0x6, 0xff, 0x1f, 0xfb, 0xbf,
    0xfb, 0xbf, 0xf4, 0x0, 0xe, 0xf8, 0xf, 0xf9,
    0x8f, 0xf9, 0x8f, 0xf4, 0x0, 0x9f, 0xf0, 0xf,
    0xff, 0xff, 0xff, 0xff, 0xf4, 0x4, 0xff, 0xe0,
    0xf, 0xf2, 0xe, 0xf1, 0xe, 0xf4, 0x2e, 0xff,
    0xe0, 0xf, 0xfb, 0xaf, 0xfb, 0xaf, 0xf4, 0x5f,
    0xff, 0xe0, 0xf, 0xff, 0xff, 0xff, 0xff, 0xf4,
    0xc, 0xaf, 0xe0, 0x0, 0x0, 0xe, 0xf1, 0x0,
    0x0, 0x1, 0x4f, 0xe0, 0xcd, 0xdd, 0xdf, 0xfd,
    0xdd, 0xdd, 0x0, 0x4f, 0xe0, 0xef, 0xff, 0xff,
    0xff, 0xff, 0xff, 0x0, 0x4f, 0xe0, 0xef, 0x40,
    0xe, 0xf3, 0x82, 0xff, 0x0, 0x4f, 0xe0, 0xef,
    0x30, 0xe, 0xf4, 0xf7, 0xff, 0x0, 0x4f, 0xe0,
    0xef, 0x79, 0xbf, 0xff, 0xfd, 0xff, 0x0, 0x4f,
    0xe0, 0xef, 0x8f, 0xff, 0xfd, 0xcf, 0xff, 0x0,
    0x4f, 0xe0, 0xef, 0x46, 0x41, 0x0, 0x26, 0xff,
    0x0, 0x4f, 0xe0, 0xef, 0x30, 0x0, 0x4, 0xdd,
    0xff, 0x0, 0x3f, 0xe0, 0xef, 0x30, 0x0, 0x0,
    0xff, 0xe6, 0x0, 0x0, 0x0, 0x0, 0x0, 0x0,
    0x0, 0x0, 0x0,

    /* U+521D "初" */
    0x0, 0x0, 0x10, 0x0, 0x0, 0x0, 0x0, 0x0,
    0x0, 0x0, 0x9, 0xf4, 0x0, 0x0, 0x0, 0x0,
    0x0, 0x0, 0x0, 0x8, 0xfe, 0x10, 0x6b, 0xbb,
    0xbb, 0xbb, 0xba, 0x0, 0x0, 0xdd, 0x20, 0xaf,
    0xff, 0xff, 0xff, 0xfe, 0xc, 0xff, 0xff, 0xf9,
    0x58, 0x9f, 0xf8, 0x8a, 0xfd, 0xd, 0xff, 0xff,
    0xfd, 0x0, 0x4f, 0xf0, 0x6, 0xfd, 0x1, 0x11,
    0x2e, 0xf6, 0x0, 0x5f, 0xf0, 0x6, 0xfd, 0x0,
    0x0, 0x7f, 0xe0, 0x0, 0x6f, 0xe0, 0x6, 0xfd,
    0x0, 0x3, 0xff, 0x5b, 0x60, 0x7f, 0xc0, 0x6,
    0xfc, 0x0, 0x1e, 0xff, 0x8f, 0xb0, 0x9f, 0xb0,
    0x7, 0xfc, 0x1, 0xdf, 0xff, 0xfa, 0x0, 0xbf,
    0x80, 0x7, 0xfb, 0x1d, 0xff, 0xff, 0xfd, 0x10,
    0xef, 0x60, 0x8, 0xfb, 0xe, 0xfc, 0xfe, 0xbf,
    0xa2, 0xff, 0x20, 0x9, 0xfa, 0x7, 0x66, 0xfe,
    0x1e, 0x28, 0xfe, 0x0, 0xa, 0xf9, 0x0, 0x6,
    0xfe, 0x1, 0xe, 0xf9, 0x0, 0xb, 0xf8, 0x0,
    0x6, 0xfe, 0x0, 0x8f, 0xf2, 0x0, 0xd, 0xf6,
    0x0, 0x6, 0xfe, 0x6, 0xff, 0xa0, 0x21, 0x4f,
    0xf4, 0x0, 0x6, 0xfe, 0xd, 0xfe, 0x10, 0xef,
    0xff, 0xe0, 0x0, 0x6, 0xfe, 0x1, 0xc3, 0x0,
    0xaf, 0xfc, 0x40, 0x0, 0x0, 0x11, 0x0, 0x0,
    0x0, 0x0, 0x0, 0x0,

    /* U+529F "功" */
    0x0, 0x0, 0x0, 0x0, 0x0, 0x4f, 0xf0, 0x0,
    0x0, 0x13, 0x33, 0x33, 0x32, 0x0, 0x4f, 0xf0,
    0x0, 0x0, 0x6f, 0xff, 0xff, 0xfc, 0x0, 0x4f,
    0xf0, 0x0, 0x0, 0x6f, 0xff, 0xff, 0xfc, 0x11,
    0x5f, 0xf2, 0x11, 0x11, 0x1, 0x1e, 0xf5, 0x10,
    0xff, 0xff, 0xff, 0xff, 0xfc, 0x0, 0xe, 0xf5,
    0x0, 0xff, 0xff, 0xff, 0xff, 0xfb, 0x0, 0xe,
    0xf5, 0x0, 0x11, 0x7f, 0xe1, 0x19, 0xfb, 0x0,
    0xe, 0xf5, 0x0, 0x0, 0x8f, 0xc0, 0x9, 0xfa,
    0x0, 0xe, 0xf5, 0x0, 0x0, 0x9f, 0xb0, 0x9,
    0xfa, 0x0, 0xe, 0xf5, 0x0, 0x0, 0xcf, 0x80,
    0xa, 0xf9, 0x0, 0xe, 0xf5, 0x26, 0x0, 0xff,
    0x50, 0xb, 0xf8, 0x0, 0x1f, 0xff, 0xff, 0x15,
    0xff, 0x10, 0xb, 0xf7, 0x6d, 0xff, 0xff, 0xfe,
    0x2b, 0xfc, 0x0, 0xd, 0xf6, 0x6f, 0xff, 0xd8,
    0x40, 0x4f, 0xf6, 0x0, 0xe, 0xf5, 0x3b, 0x72,
    0x0, 0x1, 0xef, 0xd0, 0x0, 0xf, 0xf4, 0x0,
    0x0, 0x0, 0x2d, 0xff, 0x41, 0x33, 0x8f, 0xf1,
    0x0, 0x0, 0x1, 0xef, 0xf6, 0x2, 0xff, 0xff,
    0xc0, 0x0, 0x0, 0x0, 0x4f, 0x50, 0x0, 0xdf,
    0xfc, 0x20, 0x0, 0x0, 0x0, 0x1, 0x0, 0x0,
    0x0, 0x0, 0x0,

    /* U+52A0 "加" */
    0x0, 0xc, 0xf7, 0x0, 0x0, 0x0, 0x0, 0x0,
    0x0, 0x0, 0xc, 0xf7, 0x0, 0x0, 0x2, 0x22,
    0x22, 0x20, 0x0, 0xc, 0xf7, 0x0, 0x0, 0x4f,
    0xff, 0xff, 0xf5, 0xf, 0xff, 0xff, 0xff, 0xf8,
    0x4f, 0xff, 0xff, 0xf5, 0xf, 0xff, 0xff, 0xff,
    0xf8, 0x4f, 0xe0, 0xe, 0xf5, 0x4, 0x4e, 0xf8,
    0x4c, 0xf8, 0x4f, 0xe0, 0xe, 0xf5, 0x0, 0xe,
    0xf5, 0xb, 0xf7, 0x4f, 0xe0, 0xe, 0xf5, 0x0,
    0xf, 0xf3, 0xb, 0xf7, 0x4f, 0xe0, 0xe, 0xf5,
    0x0, 0xf, 0xf2, 0xc, 0xf7, 0x4f, 0xe0, 0xe,
    0xf5, 0x0, 0x2f, 0xf0, 0xc, 0xf6, 0x4f, 0xe0,
    0xe, 0xf5, 0x0, 0x4f, 0xe0, 0xd, 0xf6, 0x4f,
    0xe0, 0xe, 0xf5, 0x0, 0x7f, 0xc0, 0xd, 0xf5,
    0x4f, 0xe0, 0xe, 0xf5, 0x0, 0xbf, 0x80, 0xf,
    0xf4, 0x4f, 0xe0, 0xe, 0xf5, 0x1, 0xff, 0x40,
    0xf, 0xf3, 0x4f, 0xf4, 0x4f, 0xf5, 0x9, 0xfe,
    0x0, 0x4f, 0xf1, 0x4f, 0xff, 0xff, 0xf5, 0x3f,
    0xf7, 0x8e, 0xff, 0xe0, 0x4f, 0xff, 0xff, 0xf5,
    0x2d, 0xe0, 0x4f, 0xff, 0x60, 0x4f, 0xe0, 0xe,
    0xf5, 0x2, 0x30, 0x4, 0x41, 0x0, 0x14, 0x40,
    0x2, 0x20,

    /* U+5316 "化" */
    0x0, 0x0, 0x2, 0x0, 0x0, 0x0, 0x0, 0x0,
    0x0, 0x0, 0x0, 0x0, 0xef, 0x70, 0x6f, 0xf0,
    0x0, 0x0, 0x0, 0x0, 0x0, 0x5f, 0xf5, 0x6,
    0xff, 0x0, 0x0, 0x0, 0x0, 0x0, 0xd, 0xfd,
    0x0, 0x6f, 0xf0, 0x0, 0x16, 0x0, 0x0, 0x7,
    0xff, 0x50, 0x6, 0xff, 0x0, 0xa, 0xfb, 0x10,
    0x2, 0xff, 0xf0, 0x0, 0x6f, 0xf0, 0x7, 0xff,
    0xd0, 0x0, 0xdf, 0xfe, 0x0, 0x6, 0xff, 0x4,
    0xff, 0xf2, 0x0, 0xbf, 0xff, 0xe0, 0x0, 0x6f,
    0xf4, 0xff, 0xf4, 0x0, 0x2f, 0xff, 0xfe, 0x0,
    0x6, 0xff, 0xff, 0xf5, 0x0, 0x0, 0x8e, 0x9f,
    0xe0, 0x0, 0x6f, 0xff, 0xf6, 0x0, 0x0, 0x0,
    0x28, 0xfe, 0x0, 0xb, 0xff, 0xf5, 0x0, 0x0,
    0x0, 0x0, 0x8f, 0xe0, 0x4e, 0xff, 0xf3, 0x0,
    0x0, 0x0, 0x0, 0x8, 0xff, 0xbf, 0xff, 0xff,
    0x0, 0x0, 0x10, 0x0, 0x0, 0x8f, 0xe7, 0xfe,
    0xaf, 0xf0, 0x0, 0xc, 0xa2, 0x0, 0x8, 0xfe,
    0x5, 0x6, 0xff, 0x0, 0x0, 0xdf, 0x70, 0x0,
    0x8f, 0xe0, 0x0, 0x6f, 0xf0, 0x0, 0xf, 0xf5,
    0x0, 0x8, 0xfe, 0x0, 0x5, 0xff, 0x64, 0x47,
    0xff, 0x20, 0x0, 0x8f, 0xe0, 0x0, 0x2f, 0xff,
    0xff, 0xff, 0xd0, 0x0, 0x8, 0xfe, 0x0, 0x0,
    0x7e, 0xff, 0xff, 0xd3, 0x0,

    /* U+53F0 "台" */
    0x0, 0x0, 0x0, 0x72, 0x0, 0x0, 0x0, 0x0,
    0x0, 0x0, 0x0, 0x6f, 0xf5, 0x0, 0x0, 0x0,
    0x0, 0x0, 0x0, 0x2f, 0xfb, 0x0, 0x6, 0x10,
    0x0, 0x0, 0x0, 0xd, 0xfd, 0x10, 0x9, 0xfe,
    0x10, 0x0, 0x0, 0xb, 0xfe, 0x20, 0x0, 0x2e,
    0xfd, 0x10, 0x0, 0xa, 0xfe, 0x30, 0x0, 0x0,
    0x3f, 0xfd, 0x10, 0x1c, 0xff, 0xed, 0xee, 0xff,
    0xff, 0xff, 0xfb, 0x0, 0xff, 0xff, 0xff, 0xff,
    0xff, 0xff, 0xff, 0xf8, 0x8, 0x97, 0x65, 0x43,
    0x32, 0x10, 0x0, 0xae, 0x40, 0x0, 0x0, 0x0,
    0x0, 0x0, 0x0, 0x1, 0x10, 0x0, 0xde, 0xee,
    0xee, 0xee, 0xee, 0xee, 0xd0, 0x0, 0xf, 0xff,
    0xff, 0xff, 0xff, 0xff, 0xff, 0x0, 0x0, 0xff,
    0x84, 0x44, 0x44, 0x44, 0xaf, 0xf0, 0x0, 0xf,
    0xf6, 0x0, 0x0, 0x0, 0x8, 0xff, 0x0, 0x0,
    0xff, 0x60, 0x0, 0x0, 0x0, 0x8f, 0xf0, 0x0,
    0xf, 0xf8, 0x44, 0x44, 0x44, 0x4a, 0xff, 0x0,
    0x0, 0xff, 0xff, 0xff, 0xff, 0xff, 0xff, 0xf0,
    0x0, 0xf, 0xff, 0xff, 0xff, 0xff, 0xff, 0xff,
    0x0, 0x0, 0xff, 0x60, 0x0, 0x0, 0x0, 0x8f,
    0xf0, 0x0, 0x0, 0x0, 0x0, 0x0, 0x0, 0x0,
    0x0, 0x0,

    /* U+5668 "器" */
    0x0, 0xbf, 0xff, 0xff, 0x90, 0xcf, 0xff, 0xff,
    0xc0, 0x0, 0xb, 0xff, 0xef, 0xf9, 0xc, 0xff,
    0xef, 0xfc, 0x0, 0x0, 0xbf, 0x50, 0x9f, 0x90,
    0xcf, 0x50, 0x6f, 0xc0, 0x0, 0xb, 0xfe, 0xdf,
    0xf9, 0xc, 0xfe, 0xde, 0xfc, 0x0, 0x0, 0xbf,
    0xff, 0xff, 0x90, 0xcf, 0xff, 0xff, 0xc0, 0x0,
    0x0, 0x0, 0x0, 0xaf, 0xb0, 0x3f, 0xf8, 0x10,
    0x0, 0x0, 0x0, 0x0, 0x2f, 0xf7, 0x0, 0x6e,
    0xf4, 0x0, 0x2, 0xff, 0xff, 0xff, 0xff, 0xff,
    0xff, 0xff, 0xff, 0xf2, 0x2e, 0xee, 0xff, 0xff,
    0xee, 0xef, 0xff, 0xee, 0xee, 0x20, 0x0, 0x4e,
    0xfe, 0x20, 0x0, 0xaf, 0xf8, 0x0, 0x0, 0x3,
    0xbf, 0xfe, 0x41, 0x0, 0x11, 0xaf, 0xfe, 0x71,
    0x5, 0xff, 0xff, 0xff, 0xf9, 0xb, 0xff, 0xff,
    0xff, 0xf6, 0xb, 0xff, 0xed, 0xff, 0x90, 0xbf,
    0xed, 0xef, 0xfc, 0x0, 0xb, 0xf6, 0x9, 0xf9,
    0xb, 0xf6, 0x6, 0xfd, 0x10, 0x0, 0xbf, 0x60,
    0x9f, 0x90, 0xbf, 0x60, 0x6f, 0xd0, 0x0, 0xb,
    0xff, 0xff, 0xf9, 0xb, 0xff, 0xff, 0xfd, 0x0,
    0x0, 0xbf, 0xff, 0xff, 0x90, 0xbf, 0xff, 0xff,
    0xd0, 0x0, 0x1, 0x10, 0x0, 0x0, 0x1, 0x10,
    0x0, 0x0, 0x0,

    /* U+5728 "在" */
    0x0, 0x0, 0x0, 0x1d, 0x92, 0x0, 0x0, 0x0,
    0x0, 0x0, 0x0, 0x0, 0x6f, 0xf2, 0x0, 0x0,
    0x0, 0x0, 0x4, 0x44, 0x44, 0xcf, 0xe4, 0x44,
    0x44, 0x44, 0x44, 0xf, 0xff, 0xff, 0xff, 0xff,
    0xff, 0xff, 0xff, 0xff, 0xd, 0xee, 0xef, 0xff,
    0xee, 0xee, 0xee, 0xee, 0xee, 0x0, 0x0, 0x2f,
    0xf7, 0x0, 0x7, 0x93, 0x0, 0x0, 0x0, 0x0,
    0xcf, 0xe0, 0x0, 0xe, 0xf6, 0x0, 0x0, 0x0,
    0x7, 0xff, 0x40, 0x0, 0xe, 0xf6, 0x0, 0x0,
    0x0, 0x5f, 0xfa, 0x1, 0x22, 0x2e, 0xf8, 0x22,
    0x20, 0x6, 0xff, 0xf8, 0xc, 0xff, 0xff, 0xff,
    0xff, 0xf3, 0x5f, 0xff, 0xf8, 0xb, 0xff, 0xff,
    0xff, 0xff, 0xf3, 0xe, 0xcd, 0xf8, 0x0, 0x0,
    0xe, 0xf6, 0x0, 0x0, 0x3, 0xc, 0xf8, 0x0,
    0x0, 0xe, 0xf6, 0x0, 0x0, 0x0, 0xc, 0xf8,
    0x0, 0x0, 0xe, 0xf6, 0x0, 0x0, 0x0, 0xc,
    0xf8, 0x0, 0x0, 0xe, 0xf6, 0x0, 0x0, 0x0,
    0xc, 0xf8, 0x7f, 0xff, 0xff, 0xff, 0xff, 0xfe,
    0x0, 0xc, 0xf8, 0x7f, 0xff, 0xff, 0xff, 0xff,
    0xff, 0x0, 0xc, 0xf8, 0x12, 0x22, 0x22, 0x22,
    0x22, 0x22,

    /* U+5931 "失" */
    0x0, 0x2, 0xa7, 0x10, 0xcf, 0x90, 0x0, 0x0,
    0x0, 0x0, 0x0, 0x8f, 0xf1, 0xc, 0xf9, 0x0,
    0x0, 0x0, 0x0, 0x0, 0xd, 0xfc, 0x22, 0xdf,
    0xa2, 0x22, 0x22, 0x0, 0x0, 0x5, 0xff, 0xff,
    0xff, 0xff, 0xff, 0xff, 0xf7, 0x0, 0x0, 0xdf,
    0xff, 0xff, 0xff, 0xff, 0xff, 0xff, 0x70, 0x0,
    0x7f, 0xf6, 0x33, 0x3d, 0xfa, 0x33, 0x33, 0x31,
    0x0, 0xb, 0xfc, 0x0, 0x0, 0xcf, 0x90, 0x0,
    0x0, 0x0, 0x0, 0x4, 0x10, 0x0, 0xd, 0xf8,
    0x0, 0x0, 0x0, 0x0, 0x1f, 0xff, 0xff, 0xff,
    0xff, 0xff, 0xff, 0xff, 0xff, 0x11, 0xff, 0xff,
    0xff, 0xff, 0xff, 0xff, 0xff, 0xff, 0xf1, 0x6,
    0x66, 0x66, 0x6d, 0xff, 0xfc, 0x66, 0x66, 0x66,
    0x0, 0x0, 0x0, 0x3, 0xff, 0xef, 0xf2, 0x0,
    0x0, 0x0, 0x0, 0x0, 0x2, 0xef, 0xf2, 0xdf,
    0xe2, 0x0, 0x0, 0x0, 0x0, 0x4, 0xef, 0xf7,
    0x3, 0xff, 0xe4, 0x0, 0x0, 0x0, 0x3a, 0xff,
    0xf8, 0x0, 0x5, 0xff, 0xfa, 0x30, 0x2, 0xcf,
    0xff, 0xf5, 0x0, 0x0, 0x4, 0xef, 0xff, 0xe4,
    0xa, 0xff, 0x91, 0x0, 0x0, 0x0, 0x1, 0x9f,
    0xfc, 0x0, 0x15, 0x0, 0x0, 0x0, 0x0, 0x0,
    0x0, 0x15, 0x20,

    /* U+59CB "始" */
    0x0, 0x0, 0x0, 0x0, 0x0, 0x0, 0x0, 0x0,
    0x0, 0x0, 0x0, 0x1f, 0xf1, 0x0, 0x0, 0xa,
    0xea, 0x0, 0x0, 0x0, 0x0, 0x2f, 0xf0, 0x0,
    0x0, 0x1f, 0xf9, 0x0, 0x0, 0x0, 0x0, 0x4f,
    0xc0, 0x0, 0x0, 0x7f, 0xf2, 0x1, 0x0, 0x0,
    0x2, 0x8f, 0xb2, 0x20, 0x0, 0xef, 0x90, 0x7f,
    0x90, 0x0, 0x1f, 0xff, 0xff, 0xfa, 0x7, 0xff,
    0x10, 0x4f, 0xf4, 0x0, 0x1f, 0xff, 0xff, 0xf9,
    0x2f, 0xf7, 0x0, 0xa, 0xfd, 0x0, 0x0, 0xff,
    0x19, 0xf8, 0xdf, 0xfc, 0xde, 0xff, 0xff, 0x60,
    0x2, 0xfe, 0xb, 0xf6, 0xff, 0xff, 0xff, 0xff,
    0xff, 0xd0, 0x6, 0xfb, 0xe, 0xf3, 0x8a, 0x86,
    0x43, 0x20, 0x1f, 0x80, 0xa, 0xf8, 0x1f, 0xf0,
    0x1, 0x11, 0x11, 0x11, 0x11, 0x0, 0xa, 0xff,
    0xaf, 0xd0, 0x3f, 0xff, 0xff, 0xff, 0xfd, 0x0,
    0x0, 0x9f, 0xff, 0x80, 0x3f, 0xff, 0xff, 0xff,
    0xfd, 0x0, 0x0, 0x9, 0xff, 0x90, 0x3f, 0xe0,
    0x0, 0x5, 0xfd, 0x0, 0x0, 0xb, 0xff, 0xf8,
    0x3f, 0xe0, 0x0, 0x5, 0xfd, 0x0, 0x0, 0x7f,
    0xfa, 0xfa, 0x3f, 0xe1, 0x11, 0x15, 0xfd, 0x0,
    0x9, 0xff, 0x90, 0x80, 0x3f, 0xff, 0xff, 0xff,
    0xfd, 0x0, 0xc, 0xfb, 0x0, 0x0, 0x3f, 0xff,
    0xff, 0xff, 0xfd, 0x0, 0x2, 0xa0, 0x0, 0x0,
    0x3f, 0xe0, 0x0, 0x5, 0xfd, 0x0, 0x0, 0x0,
    0x0, 0x0, 0x0, 0x0, 0x0, 0x0, 0x0, 0x0,

    /* U+5B58 "存" */
    0x0, 0x0, 0x0, 0x4, 0x0, 0x0, 0x0, 0x0,
    0x0, 0x0, 0x0, 0x0, 0x4, 0xff, 0x30, 0x0,
    0x0, 0x0, 0x0, 0x0, 0x0, 0x0, 0x9f, 0xe0,
    0x0, 0x0, 0x0, 0x0, 0x0, 0xde, 0xee, 0xef,
    0xff, 0xee, 0xee, 0xee, 0xee, 0xe0, 0xf, 0xff,
    0xff, 0xff, 0xff, 0xff, 0xff, 0xff, 0xff, 0x0,
    0x45, 0x55, 0xff, 0xc5, 0x55, 0x55, 0x55, 0x55,
    0x50, 0x0, 0x0, 0x6f, 0xf3, 0x0, 0x0, 0x0,
    0x0, 0x0, 0x0, 0x0, 0x1f, 0xfb, 0xe, 0xff,
    0xff, 0xff, 0xf9, 0x0, 0x0, 0xb, 0xff, 0x20,
    0xef, 0xff, 0xff, 0xff, 0xc0, 0x0, 0x9, 0xff,
    0x90, 0x0, 0x0, 0x5, 0xff, 0xb0, 0x0, 0x9,
    0xff, 0xf8, 0x0, 0x0, 0x6, 0xff, 0x80, 0x0,
    0x7, 0xff, 0xff, 0x81, 0x22, 0x22, 0x9f, 0xd2,
    0x22, 0x20, 0x1f, 0xad, 0xf8, 0x5f, 0xff, 0xff,
    0xff, 0xff, 0xff, 0x40, 0x30, 0xcf, 0x85, 0xff,
    0xff, 0xff, 0xff, 0xff, 0xf4, 0x0, 0xc, 0xf8,
    0x0, 0x0, 0x8, 0xfc, 0x0, 0x0, 0x0, 0x0,
    0xcf, 0x80, 0x0, 0x0, 0x8f, 0xc0, 0x0, 0x0,
    0x0, 0xc, 0xf8, 0x0, 0x1, 0x19, 0xfc, 0x0,
    0x0, 0x0, 0x0, 0xcf, 0x80, 0x1, 0xff, 0xff,
    0xa0, 0x0, 0x0, 0x0, 0xc, 0xf8, 0x0, 0xc,
    0xff, 0xc2, 0x0, 0x0, 0x0, 0x0, 0x0, 0x0,
    0x0, 0x0, 0x0, 0x0, 0x0, 0x0,

    /* U+5B8C "完" */
    0x0, 0x0, 0x0, 0x0, 0x3, 0x0, 0x0, 0x0,
    0x0, 0x0, 0x0, 0x0, 0x0, 0x2e, 0xf7, 0x0,
    0x0, 0x0, 0x0, 0x2, 0x33, 0x33, 0x33, 0xdf,
    0xe3, 0x33, 0x33, 0x31, 0x0, 0xaf, 0xff, 0xff,
    0xff, 0xff, 0xff, 0xff, 0xff, 0x90, 0xa, 0xff,
    0xff, 0xff, 0xff, 0xff, 0xff, 0xff, 0xf9, 0x0,
    0xaf, 0x90, 0x0, 0x0, 0x0, 0x0, 0x0, 0xcf,
    0x90, 0xa, 0xf9, 0x6d, 0xdd, 0xdd, 0xdd, 0xdd,
    0x4c, 0xf9, 0x0, 0x69, 0x58, 0xff, 0xff, 0xff,
    0xff, 0xf5, 0x69, 0x50, 0x0, 0x0, 0x24, 0x44,
    0x44, 0x44, 0x44, 0x10, 0x0, 0x0, 0x22, 0x22,
    0x22, 0x22, 0x22, 0x22, 0x22, 0x22, 0x20, 0xf,
    0xff, 0xff, 0xff, 0xff, 0xff, 0xff, 0xff, 0xff,
    0x0, 0xff, 0xff, 0xff, 0xff, 0xff, 0xff, 0xff,
    0xff, 0xf0, 0x0, 0x0, 0x5, 0xff, 0x0, 0x6f,
    0xe0, 0x0, 0x0, 0x0, 0x0, 0x0, 0x7f, 0xd0,
    0x6, 0xfe, 0x0, 0x0, 0x0, 0x0, 0x0, 0xb,
    0xfb, 0x0, 0x6f, 0xe0, 0x0, 0x40, 0x0, 0x0,
    0x4, 0xff, 0x60, 0x6, 0xfe, 0x0, 0xb, 0xf4,
    0x0, 0x18, 0xff, 0xd0, 0x0, 0x5f, 0xf1, 0x11,
    0xef, 0x31, 0xdf, 0xff, 0xd2, 0x0, 0x3, 0xff,
    0xff, 0xff, 0xf0, 0x8, 0xfd, 0x70, 0x0, 0x0,
    0x9, 0xff, 0xff, 0xe6, 0x0, 0x1, 0x0, 0x0,
    0x0, 0x0, 0x0, 0x0, 0x0, 0x0,

    /* U+5B9A "定" */
    0x0, 0x0, 0x0, 0x0, 0x3, 0x0, 0x0, 0x0,
    0x0, 0x0, 0x0, 0x0, 0x0, 0x4f, 0xf3, 0x0,
    0x0, 0x0, 0x0, 0x2, 0x22, 0x22, 0x22, 0xff,
    0xb2, 0x22, 0x22, 0x20, 0x0, 0xef, 0xff, 0xff,
    0xff, 0xff, 0xff, 0xff, 0xff, 0x60, 0xe, 0xff,
    0xff, 0xff, 0xff, 0xff, 0xff, 0xff, 0xf6, 0x0,
    0xef, 0x60, 0x0, 0x0, 0x0, 0x0, 0x0, 0xef,
    0x60, 0xe, 0xf6, 0x33, 0x33, 0x33, 0x33, 0x33,
    0x1e, 0xf6, 0x0, 0x9a, 0x3f, 0xff, 0xff, 0xff,
    0xff, 0xf8, 0x9a, 0x40, 0x0, 0x0, 0xff, 0xff,
    0xff, 0xff, 0xff, 0x70, 0x0, 0x0, 0x0, 0x12,
    0x0, 0xe, 0xf7, 0x0, 0x0, 0x0, 0x0, 0x0,
    0x7, 0xfd, 0x0, 0xef, 0x70, 0x0, 0x0, 0x0,
    0x0, 0x0, 0x9f, 0xb0, 0xe, 0xff, 0xff, 0xff,
    0xa0, 0x0, 0x0, 0xd, 0xf9, 0x0, 0xef, 0xff,
    0xff, 0xfb, 0x0, 0x0, 0x1, 0xff, 0xe0, 0xe,
    0xf8, 0x33, 0x33, 0x20, 0x0, 0x0, 0x6f, 0xff,
    0xa0, 0xef, 0x70, 0x0, 0x0, 0x0, 0x0, 0xd,
    0xfc, 0xff, 0xaf, 0xf7, 0x0, 0x0, 0x0, 0x0,
    0x8, 0xff, 0x29, 0xff, 0xff, 0xa5, 0x44, 0x44,
    0x44, 0x5, 0xff, 0x90, 0x8, 0xff, 0xff, 0xff,
    0xff, 0xff, 0xc0, 0x1b, 0xd0, 0x0, 0x1, 0x7b,
    0xef, 0xff, 0xff, 0xf7, 0x0, 0x1, 0x0, 0x0,
    0x0, 0x0, 0x0, 0x0, 0x0, 0x0,

    /* U+5C4F "屏" */
    0x0, 0xdf, 0xff, 0xff, 0xff, 0xff, 0xff, 0xff,
    0xf6, 0x0, 0xd, 0xff, 0xff, 0xff, 0xff, 0xff,
    0xff, 0xff, 0x60, 0x0, 0xdf, 0x70, 0x0, 0x0,
    0x0, 0x0, 0x1f, 0xf6, 0x0, 0xd, 0xff, 0xff,
    0xff, 0xff, 0xff, 0xff, 0xff, 0x60, 0x0, 0xdf,
    0xfe, 0xee, 0xfe, 0xee, 0xef, 0xee, 0xe5, 0x0,
    0xd, 0xf7, 0x1, 0xdf, 0x40, 0x0, 0xbe, 0x90,
    0x0, 0x0, 0xdf, 0x70, 0xc, 0xe6, 0x0, 0x2f,
    0xf5, 0x0, 0x0, 0xd, 0xf6, 0xff, 0xff, 0xff,
    0xff, 0xff, 0xff, 0x90, 0x0, 0xef, 0x6c, 0xde,
    0xff, 0xdd, 0xef, 0xfd, 0xd8, 0x0, 0xe, 0xf5,
    0x0, 0x5f, 0xe0, 0x5, 0xfe, 0x0, 0x0, 0x0,
    0xff, 0x52, 0x26, 0xfe, 0x22, 0x7f, 0xe2, 0x22,
    0x0, 0x2f, 0xf8, 0xff, 0xff, 0xff, 0xff, 0xff,
    0xff, 0xf2, 0x5, 0xff, 0x5c, 0xcf, 0xfe, 0xcc,
    0xdf, 0xfc, 0xcc, 0x20, 0x9f, 0xc0, 0x2, 0xff,
    0x70, 0x5, 0xfe, 0x0, 0x0, 0xf, 0xf8, 0x4,
    0xef, 0xe1, 0x0, 0x5f, 0xe0, 0x0, 0x7, 0xff,
    0x24, 0xff, 0xf4, 0x0, 0x5, 0xfe, 0x0, 0x0,
    0x8, 0xa0, 0x8, 0xc3, 0x0, 0x0, 0x5f, 0xe0,
    0x0, 0x0, 0x0, 0x0, 0x0, 0x0, 0x0, 0x0,
    0x0, 0x0, 0x0,

    /* U+5E38 "常" */
    0x0, 0x7b, 0x10, 0x2f, 0xf3, 0x0, 0x79, 0x40,
    0x0, 0x1e, 0xfa, 0x2, 0xff, 0x30, 0x2f, 0xf8,
    0x0, 0x67, 0xbf, 0xc7, 0x8f, 0xf9, 0x7a, 0xfe,
    0x77, 0x2e, 0xff, 0xff, 0xff, 0xff, 0xff, 0xff,
    0xff, 0xf5, 0xef, 0xa7, 0x77, 0x77, 0x77, 0x77,
    0x77, 0xff, 0x5e, 0xf5, 0x9a, 0xaa, 0xaa, 0xaa,
    0xaa, 0x4e, 0xf5, 0xef, 0x5e, 0xff, 0xff, 0xff,
    0xff, 0xf6, 0xef, 0x50, 0x10, 0xef, 0x40, 0x0,
    0x0, 0xef, 0x60, 0x10, 0x0, 0xe, 0xff, 0xff,
    0xff, 0xff, 0xf6, 0x0, 0x0, 0x0, 0x9a, 0xaa,
    0xff, 0xca, 0xaa, 0x40, 0x0, 0x0, 0x11, 0x11,
    0x1e, 0xf7, 0x11, 0x11, 0x10, 0x0, 0xaf, 0xff,
    0xff, 0xff, 0xff, 0xff, 0xff, 0x40, 0xa, 0xff,
    0xff, 0xff, 0xff, 0xff, 0xff, 0xf4, 0x0, 0xaf,
    0x90, 0x0, 0xef, 0x70, 0x0, 0xef, 0x40, 0xa,
    0xf9, 0x0, 0xe, 0xf7, 0x0, 0xe, 0xf4, 0x0,
    0xaf, 0x90, 0x0, 0xef, 0x73, 0xff, 0xff, 0x30,
    0x8, 0xd7, 0x0, 0xe, 0xf7, 0xd, 0xff, 0x90,
    0x0, 0x0, 0x0, 0x0, 0xef, 0x70, 0x0, 0x0,
    0x0,

    /* U+5E55 "幕" */
    0x0, 0x0, 0xb, 0xf7, 0x0, 0x8, 0xfb, 0x0,
    0x0, 0x0, 0xdf, 0xff, 0xff, 0xff, 0xff, 0xff,
    0xff, 0xff, 0xd0, 0xa, 0xcc, 0xcf, 0xfe, 0xcc,
    0xce, 0xfe, 0xcc, 0xca, 0x0, 0x0, 0x66, 0xbd,
    0x96, 0x66, 0xad, 0xb6, 0x61, 0x0, 0x0, 0x2f,
    0xff, 0xff, 0xff, 0xff, 0xff, 0xff, 0x40, 0x0,
    0x2, 0xff, 0x54, 0x44, 0x44, 0x44, 0x4f, 0xf4,
    0x0, 0x0, 0x2f, 0xff, 0xff, 0xff, 0xff, 0xff,
    0xff, 0x40, 0x0, 0x2, 0xff, 0x54, 0x44, 0x44,
    0x44, 0x4f, 0xf4, 0x0, 0x0, 0x2f, 0xff, 0xff,
    0xff, 0xff, 0xff, 0xff, 0x40, 0x0, 0x44, 0x55,
    0x5f, 0xfa, 0x55, 0x55, 0x55, 0x54, 0x40, 0x1f,
    0xff, 0xff, 0xff, 0xff, 0xff, 0xff, 0xff, 0xff,
    0x0, 0x66, 0xaf, 0xfd, 0x6d, 0xfb, 0x6b, 0xff,
    0x86, 0x60, 0x4, 0xbf, 0xff, 0xcb, 0xef, 0xdb,
    0xbf, 0xff, 0xa4, 0x3, 0xff, 0xff, 0xff, 0xff,
    0xff, 0xff, 0xff, 0xff, 0xf2, 0x8, 0x92, 0xff,
    0x20, 0xbf, 0x80, 0xe, 0xf5, 0x86, 0x0, 0x0,
    0x1f, 0xf2, 0xb, 0xf8, 0x49, 0xff, 0x40, 0x0,
    0x0, 0x1, 0xff, 0x20, 0xbf, 0x83, 0xff, 0xb0,
    0x0, 0x0, 0x0, 0x0, 0x0, 0xb, 0xf8, 0x0,
    0x0, 0x0, 0x0,

    /* U+5F0F "式" */
    0x0, 0x0, 0x0, 0x0, 0x0, 0x0, 0x0, 0x0,
    0x0, 0x0, 0x0, 0x0, 0x0, 0x0, 0xa, 0xfc,
    0xa, 0xc1, 0x0, 0x0, 0x0, 0x0, 0x0, 0x0,
    0xaf, 0xc1, 0xcf, 0xe3, 0x0, 0x0, 0x0, 0x0,
    0x0, 0xa, 0xfc, 0x0, 0xbc, 0x10, 0xf, 0xff,
    0xff, 0xff, 0xff, 0xff, 0xff, 0xff, 0xff, 0x0,
    0xff, 0xff, 0xff, 0xff, 0xff, 0xff, 0xff, 0xff,
    0xf1, 0x4, 0x44, 0x44, 0x44, 0x44, 0xaf, 0xe4,
    0x44, 0x44, 0x0, 0x0, 0x0, 0x0, 0x0, 0x6,
    0xff, 0x0, 0x0, 0x0, 0x1, 0x44, 0x44, 0x44,
    0x44, 0x5f, 0xf1, 0x0, 0x0, 0x0, 0x5f, 0xff,
    0xff, 0xff, 0xe3, 0xff, 0x30, 0x0, 0x0, 0x4,
    0xee, 0xff, 0xfe, 0xed, 0x1f, 0xf5, 0x0, 0x0,
    0x0, 0x0, 0x7, 0xfd, 0x0, 0x0, 0xef, 0x80,
    0x0, 0x0, 0x0, 0x0, 0x7f, 0xd0, 0x0, 0xb,
    0xfb, 0x0, 0x0, 0x0, 0x0, 0x7, 0xfd, 0x0,
    0x0, 0x7f, 0xf0, 0x5, 0x20, 0x0, 0x0, 0x7f,
    0xd0, 0x25, 0x33, 0xff, 0x40, 0x8f, 0x50, 0x1,
    0x4a, 0xff, 0xff, 0xf7, 0xe, 0xfb, 0xa, 0xf6,
    0xd, 0xff, 0xff, 0xff, 0xfc, 0x50, 0x7f, 0xf8,
    0xef, 0x40, 0xaf, 0xfd, 0xa7, 0x30, 0x0, 0x0,
    0xdf, 0xff, 0xe0, 0x3, 0x41, 0x0, 0x0, 0x0,
    0x0, 0x1, 0xbf, 0xe4, 0x0,

    /* U+6001 "态" */
    0x0, 0x0, 0x0, 0x0, 0xaf, 0xb0, 0x0, 0x0,
    0x0, 0x0, 0x0, 0x0, 0x0, 0xd, 0xf8, 0x0,
    0x0, 0x0, 0x0, 0x1e, 0xee, 0xee, 0xee, 0xff,
    0xfe, 0xee, 0xee, 0xee, 0x21, 0xff, 0xff, 0xff,
    0xff, 0xff, 0xff, 0xff, 0xff, 0xf2, 0x2, 0x22,
    0x22, 0x2c, 0xfe, 0xff, 0x72, 0x22, 0x22, 0x0,
    0x0, 0x0, 0x4, 0xff, 0x6c, 0xfe, 0x10, 0x0,
    0x0, 0x0, 0x0, 0x1, 0xef, 0xe0, 0x3f, 0xfc,
    0x10, 0x0, 0x0, 0x0, 0x3, 0xef, 0xf6, 0x30,
    0x8f, 0xfd, 0x30, 0x0, 0x0, 0x29, 0xff, 0xfc,
    0xff, 0x80, 0xaf, 0xff, 0xb4, 0x1, 0xbf, 0xff,
    0xf5, 0x2d, 0xff, 0xc1, 0x9f, 0xff, 0xf3, 0x9,
    0xff, 0xa1, 0x0, 0xd, 0xf9, 0x0, 0x4c, 0xf8,
    0x0, 0x28, 0x10, 0x0, 0x1c, 0xf8, 0x0, 0x0,
    0x24, 0x0, 0x0, 0xac, 0x3f, 0xf3, 0x9f, 0xf3,
    0x0, 0xbf, 0x80, 0x0, 0xe, 0xf5, 0xff, 0x40,
    0xbf, 0xe0, 0x5, 0xff, 0x10, 0x4, 0xff, 0xf,
    0xf4, 0x1, 0xd5, 0xe, 0x9e, 0xf7, 0x0, 0xaf,
    0xb0, 0xff, 0x50, 0x0, 0x5, 0xff, 0x8f, 0xe0,
    0x1f, 0xf6, 0xd, 0xff, 0xff, 0xff, 0xff, 0xa2,
    0xff, 0x30, 0x18, 0x0, 0x4c, 0xff, 0xff, 0xff,
    0xc2, 0x6, 0x20,

    /* U+6052 "恒" */
    0x0, 0xf, 0xf4, 0x0, 0x0, 0x0, 0x0, 0x0,
    0x0, 0x0, 0x0, 0xff, 0x43, 0xff, 0xff, 0xff,
    0xff, 0xff, 0xf0, 0x0, 0xf, 0xf4, 0x3f, 0xff,
    0xff, 0xff, 0xff, 0xff, 0x0, 0x44, 0xff, 0xb6,
    0x0, 0x0, 0x0, 0x0, 0x0, 0x0, 0xd, 0xff,
    0xff, 0xe7, 0xff, 0xff, 0xff, 0xff, 0xe0, 0x0,
    0xfd, 0xff, 0xaf, 0xdf, 0xff, 0xff, 0xff, 0xff,
    0x0, 0x1f, 0xbf, 0xf6, 0xca, 0xfc, 0x0, 0x0,
    0x6f, 0xf0, 0x5, 0xf8, 0xff, 0x40, 0x7f, 0xc0,
    0x0, 0x5, 0xff, 0x0, 0x6f, 0x5f, 0xf4, 0x7,
    0xff, 0xff, 0xff, 0xff, 0xf0, 0x0, 0x10, 0xff,
    0x40, 0x7f, 0xfd, 0xdd, 0xde, 0xff, 0x0, 0x0,
    0xf, 0xf4, 0x7, 0xfc, 0x0, 0x0, 0x5f, 0xf0,
    0x0, 0x0, 0xff, 0x40, 0x7f, 0xc3, 0x33, 0x37,
    0xff, 0x0, 0x0, 0xf, 0xf4, 0x7, 0xff, 0xff,
    0xff, 0xff, 0xf0, 0x0, 0x0, 0xff, 0x40, 0x5c,
    0xcc, 0xcc, 0xcc, 0xcb, 0x0, 0x0, 0xf, 0xf4,
    0x12, 0x22, 0x22, 0x22, 0x22, 0x22, 0x0, 0x0,
    0xff, 0x4b, 0xff, 0xff, 0xff, 0xff, 0xff, 0xf2,
    0x0, 0xf, 0xf4, 0xaf, 0xff, 0xff, 0xff, 0xff,
    0xff, 0x20, 0x0, 0xff, 0x40, 0x0, 0x0, 0x0,
    0x0, 0x0, 0x0,

    /* U+6210 "成" */
    0x0, 0x0, 0x0, 0x0, 0x0, 0x0, 0x0, 0x0,
    0x0, 0x0, 0x0, 0x0, 0x0, 0x0, 0x3f, 0xf2,
    0xae, 0x60, 0x0, 0x0, 0x0, 0x0, 0x0, 0x3,
    0xff, 0x39, 0xff, 0xb0, 0x0, 0x4, 0x44, 0x44,
    0x44, 0x6f, 0xf6, 0x49, 0xfb, 0x41, 0x0, 0xff,
    0xff, 0xff, 0xff, 0xff, 0xff, 0xff, 0xff, 0x30,
    0xf, 0xff, 0xff, 0xff, 0xff, 0xff, 0xff, 0xff,
    0xf3, 0x0, 0xff, 0x70, 0x0, 0x0, 0xff, 0x60,
    0x0, 0x0, 0x0, 0xf, 0xf7, 0x0, 0x0, 0xd,
    0xf8, 0x4, 0xea, 0x10, 0x0, 0xff, 0xff, 0xff,
    0xf2, 0xbf, 0xa0, 0x9f, 0xd0, 0x0, 0xf, 0xff,
    0xff, 0xff, 0x29, 0xfc, 0x1f, 0xf7, 0x0, 0x0,
    0xff, 0x71, 0x2f, 0xf2, 0x7f, 0xf8, 0xff, 0x10,
    0x0, 0xf, 0xf6, 0x1, 0xff, 0x14, 0xff, 0xff,
    0x80, 0x0, 0x1, 0xff, 0x40, 0x2f, 0xf1, 0xf,
    0xff, 0xe0, 0x0, 0x0, 0x2f, 0xf4, 0x16, 0xff,
    0x0, 0xdf, 0xf5, 0x7, 0x40, 0x5, 0xff, 0x5f,
    0xff, 0xd0, 0x6f, 0xff, 0x10, 0xaf, 0x50, 0x8f,
    0xe0, 0xff, 0xc3, 0x6f, 0xff, 0xf8, 0xc, 0xf3,
    0xd, 0xfa, 0x0, 0x0, 0x9f, 0xfd, 0xaf, 0xf7,
    0xff, 0x15, 0xff, 0x40, 0x0, 0x4f, 0xfd, 0x21,
    0xdf, 0xff, 0xc0, 0x8, 0xd0, 0x0, 0x0, 0x6b,
    0x10, 0x2, 0xcf, 0xd2, 0x0, 0x1, 0x0, 0x0,
    0x0, 0x0, 0x0, 0x0, 0x0, 0x0,

    /* U+63A7 "控" */
    0x0, 0x0, 0x0, 0x0, 0x0, 0x0, 0x0, 0x0,
    0x0, 0x0, 0x2, 0xff, 0x0, 0x0, 0x0, 0xbe,
    0x50, 0x0, 0x0, 0x0, 0x2f, 0xf0, 0x0, 0x0,
    0xa, 0xfd, 0x0, 0x0, 0x0, 0x2, 0xff, 0x0,
    0xff, 0xff, 0xff, 0xff, 0xff, 0xf6, 0x1f, 0xff,
    0xff, 0x8f, 0xfc, 0xcc, 0xcc, 0xcc, 0xff, 0x61,
    0xff, 0xff, 0xf8, 0xff, 0x13, 0x0, 0x4, 0xc,
    0xf6, 0x2, 0x4f, 0xf2, 0x15, 0x57, 0xff, 0x1a,
    0xf9, 0x34, 0x10, 0x2, 0xff, 0x0, 0x9, 0xff,
    0x60, 0x4e, 0xfc, 0x10, 0x0, 0x2f, 0xf0, 0xb,
    0xff, 0x60, 0x0, 0x2d, 0xfc, 0x0, 0x2, 0xff,
    0xc9, 0x2e, 0x50, 0x0, 0x0, 0x1b, 0x30, 0x18,
    0xdf, 0xff, 0xb2, 0xee, 0xee, 0xee, 0xee, 0xe3,
    0x2, 0xff, 0xff, 0x60, 0x2f, 0xff, 0xff, 0xff,
    0xff, 0x40, 0xc, 0x9f, 0xf0, 0x0, 0x11, 0x1a,
    0xfb, 0x11, 0x10, 0x0, 0x2, 0xff, 0x0, 0x0,
    0x0, 0xaf, 0xa0, 0x0, 0x0, 0x0, 0x2f, 0xf0,
    0x0, 0x0, 0xa, 0xfa, 0x0, 0x0, 0x0, 0x2,
    0xff, 0x0, 0x0, 0x0, 0xaf, 0xa0, 0x0, 0x0,
    0x1, 0x3f, 0xe0, 0x9f, 0xff, 0xff, 0xff, 0xff,
    0xff, 0x90, 0xdf, 0xfd, 0xa, 0xff, 0xff, 0xff,
    0xff, 0xff, 0xfa, 0x8, 0xfc, 0x30, 0x0, 0x0,
    0x0, 0x0, 0x0, 0x0, 0x0,

    /* U+663E "显" */
    0x0, 0xc, 0xff, 0xff, 0xff, 0xff, 0xff, 0xff,
    0x30, 0x0, 0x0, 0xcf, 0xdc, 0xcc, 0xcc, 0xcc,
    0xcf, 0xf3, 0x0, 0x0, 0xc, 0xf8, 0x0, 0x0,
    0x0, 0x2, 0xff, 0x30, 0x0, 0x0, 0xcf, 0xff,
    0xff, 0xff, 0xff, 0xff, 0xf3, 0x0, 0x0, 0xc,
    0xfc, 0x99, 0x99, 0x99, 0x9a, 0xff, 0x30, 0x0,
    0x0, 0xcf, 0x81, 0x11, 0x11, 0x11, 0x3f, 0xf3,
    0x0, 0x0, 0xc, 0xff, 0xff, 0xff, 0xff, 0xff,
    0xff, 0x30, 0x0, 0x0, 0x8a, 0xaa, 0xaa, 0xaa,
    0xaa, 0xaa, 0xa2, 0x0, 0x0, 0x3, 0x0, 0x8d,
    0x70, 0x3d, 0xc0, 0x4, 0x10, 0x0, 0x8, 0xf7,
    0x9, 0xf9, 0x3, 0xff, 0x1, 0xff, 0x30, 0x0,
    0x3f, 0xe0, 0x9f, 0x90, 0x3f, 0xf0, 0x9f, 0xb0,
    0x0, 0x0, 0xbf, 0x79, 0xf9, 0x3, 0xff, 0x3f,
    0xf2, 0x0, 0x0, 0x4, 0xd4, 0x9f, 0x90, 0x3f,
    0xf3, 0xb6, 0x0, 0x0, 0x33, 0x33, 0x3b, 0xfa,
    0x36, 0xff, 0x33, 0x33, 0x32, 0x3f, 0xff, 0xff,
    0xff, 0xff, 0xff, 0xff, 0xff, 0xff, 0xa3, 0xff,
    0xff, 0xff, 0xff, 0xff, 0xff, 0xff, 0xff, 0xfa,

    /* U+66F2 "曲" */
    0x0, 0x0, 0xe, 0xf5, 0x4, 0xff, 0x0, 0x0,
    0x0, 0x0, 0x0, 0xef, 0x50, 0x4f, 0xf0, 0x0,
    0x0, 0x0, 0x0, 0xe, 0xf5, 0x4, 0xff, 0x0,
    0x0, 0x1, 0x44, 0x44, 0xff, 0x74, 0x7f, 0xf4,
    0x44, 0x43, 0x3f, 0xff, 0xff, 0xff, 0xff, 0xff,
    0xff, 0xff, 0xd3, 0xff, 0xff, 0xff, 0xff, 0xff,
    0xff, 0xff, 0xfd, 0x3f, 0xe0, 0xe, 0xf5, 0x4,
    0xff, 0x0, 0x6f, 0xd3, 0xfe, 0x0, 0xef, 0x50,
    0x4f, 0xf0, 0x6, 0xfd, 0x3f, 0xe0, 0xe, 0xf5,
    0x4, 0xff, 0x0, 0x6f, 0xd3, 0xff, 0xff, 0xff,
    0xff, 0xff, 0xff, 0xff, 0xfd, 0x3f, 0xff, 0xff,
    0xff, 0xff, 0xff, 0xff, 0xff, 0xd3, 0xff, 0x33,
    0xff, 0x73, 0x6f, 0xf3, 0x38, 0xfd, 0x3f, 0xe0,
    0xe, 0xf5, 0x4, 0xff, 0x0, 0x6f, 0xd3, 0xfe,
    0x0, 0xef, 0x50, 0x4f, 0xf0, 0x6, 0xfd, 0x3f,
    0xfd, 0xdf, 0xfe, 0xde, 0xff, 0xdd, 0xef, 0xd3,
    0xff, 0xff, 0xff, 0xff, 0xff, 0xff, 0xff, 0xfd,
    0x3f, 0xf6, 0x66, 0x66, 0x66, 0x66, 0x66, 0x9f,
    0xd3, 0xfe, 0x0, 0x0, 0x0, 0x0, 0x0, 0x6,
    0xfd, 0x0, 0x0, 0x0, 0x0, 0x0, 0x0, 0x0,
    0x0, 0x0,

    /* U+67AA "枪" */
    0x0, 0x0, 0x0, 0x0, 0x0, 0x1, 0x0, 0x0,
    0x0, 0x0, 0x0, 0xff, 0x40, 0x0, 0x0, 0xbf,
    0x70, 0x0, 0x0, 0x0, 0xf, 0xf4, 0x0, 0x0,
    0x4f, 0xfb, 0x0, 0x0, 0x0, 0x0, 0xff, 0x40,
    0x0, 0xd, 0xff, 0xf6, 0x0, 0x0, 0x3, 0x3f,
    0xf6, 0x30, 0xa, 0xfe, 0x8f, 0xf3, 0x0, 0x2,
    0xff, 0xff, 0xff, 0x9, 0xff, 0x40, 0xbf, 0xe3,
    0x0, 0x2f, 0xff, 0xff, 0xfb, 0xff, 0x70, 0x1,
    0xdf, 0xf4, 0x0, 0x4, 0xff, 0x5a, 0xff, 0xc5,
    0x55, 0x57, 0xff, 0xf5, 0x0, 0x9f, 0xfe, 0x4f,
    0xff, 0xff, 0xff, 0xff, 0xea, 0x0, 0xe, 0xff,
    0xf9, 0x4d, 0xfd, 0xcc, 0xdf, 0xf2, 0x0, 0x5,
    0xff, 0xfd, 0xf3, 0xdf, 0x50, 0x2, 0xff, 0x0,
    0x0, 0xcf, 0xff, 0x6f, 0x8d, 0xf5, 0x0, 0x3f,
    0xf0, 0x0, 0x6f, 0xcf, 0xf4, 0x60, 0xdf, 0x56,
    0xbd, 0xfd, 0x0, 0x6, 0xf7, 0xff, 0x40, 0xd,
    0xf5, 0x3f, 0xff, 0x50, 0x0, 0xe, 0x1f, 0xf4,
    0x0, 0xdf, 0x50, 0x11, 0x0, 0xe6, 0x0, 0x30,
    0xff, 0x40, 0xd, 0xf5, 0x0, 0x0, 0x1f, 0xf0,
    0x0, 0xf, 0xf4, 0x0, 0xdf, 0x81, 0x11, 0x17,
    0xfd, 0x0, 0x0, 0xff, 0x40, 0xa, 0xff, 0xff,
    0xff, 0xff, 0x80, 0x0, 0xf, 0xf4, 0x0, 0x1b,
    0xff, 0xff, 0xff, 0xb1, 0x0,

    /* U+6A21 "模" */
    0x0, 0x2f, 0xf0, 0x0, 0xb, 0xf7, 0x5, 0xfe,
    0x0, 0x0, 0x2, 0xff, 0x0, 0xab, 0xef, 0xdb,
    0xcf, 0xfb, 0xb0, 0x0, 0x2f, 0xf0, 0xe, 0xff,
    0xff, 0xff, 0xff, 0xff, 0x1, 0x78, 0xff, 0x75,
    0x23, 0xbf, 0x93, 0x7f, 0xe3, 0x30, 0x3f, 0xff,
    0xff, 0xc3, 0x8b, 0xda, 0x8a, 0xdc, 0x81, 0x1,
    0x89, 0xff, 0x86, 0x6f, 0xff, 0xff, 0xff, 0xff,
    0x20, 0x0, 0x4f, 0xf4, 0x6, 0xfc, 0x33, 0x33,
    0x4f, 0xf2, 0x0, 0x8, 0xff, 0xe1, 0x6f, 0xff,
    0xff, 0xff, 0xff, 0x20, 0x0, 0xef, 0xff, 0xa6,
    0xfc, 0x44, 0x44, 0x4f, 0xf2, 0x0, 0x4f, 0xff,
    0xcf, 0x8f, 0xff, 0xff, 0xff, 0xff, 0x20, 0xb,
    0xff, 0xf5, 0x93, 0xaa, 0xae, 0xfc, 0xaa, 0xa1,
    0x4, 0xfe, 0xff, 0x0, 0x0, 0x0, 0xdf, 0x70,
    0x0, 0x0, 0x6f, 0x8f, 0xf0, 0x4f, 0xff, 0xff,
    0xff, 0xff, 0xff, 0x10, 0xc2, 0xff, 0x3, 0xdd,
    0xdf, 0xff, 0xff, 0xdd, 0xd1, 0x1, 0x2f, 0xf0,
    0x0, 0x4, 0xff, 0xbf, 0xf7, 0x0, 0x0, 0x2,
    0xff, 0x0, 0x4a, 0xff, 0xd0, 0x7f, 0xfc, 0x50,
    0x0, 0x2f, 0xf0, 0xaf, 0xff, 0xa1, 0x0, 0x8f,
    0xff, 0x30, 0x2, 0xff, 0x1, 0xea, 0x30, 0x0,
    0x0, 0x4b, 0x70, 0x0, 0x0, 0x0, 0x0, 0x0,
    0x0, 0x0, 0x0, 0x0, 0x0,

    /* U+6B63 "正" */
    0x7, 0xff, 0xff, 0xff, 0xff, 0xff, 0xff, 0xff,
    0xfa, 0x0, 0x8f, 0xff, 0xff, 0xff, 0xff, 0xff,
    0xff, 0xff, 0xa0, 0x2, 0x44, 0x44, 0x44, 0x5f,
    0xf7, 0x44, 0x44, 0x43, 0x0, 0x0, 0x0, 0x0,
    0x2, 0xff, 0x40, 0x0, 0x0, 0x0, 0x0, 0x0,
    0x0, 0x0, 0x2f, 0xf4, 0x0, 0x0, 0x0, 0x0,
    0x0, 0x9b, 0x60, 0x2, 0xff, 0x40, 0x0, 0x0,
    0x0, 0x0, 0xc, 0xf9, 0x0, 0x2f, 0xf7, 0x44,
    0x44, 0x30, 0x0, 0x0, 0xcf, 0x90, 0x2, 0xff,
    0xff, 0xff, 0xfb, 0x0, 0x0, 0xc, 0xf9, 0x0,
    0x2f, 0xff, 0xff, 0xff, 0xa0, 0x0, 0x0, 0xcf,
    0x90, 0x2, 0xff, 0x40, 0x0, 0x0, 0x0, 0x0,
    0xc, 0xf9, 0x0, 0x2f, 0xf4, 0x0, 0x0, 0x0,
    0x0, 0x0, 0xcf, 0x90, 0x2, 0xff, 0x40, 0x0,
    0x0, 0x0, 0x0, 0xc, 0xf9, 0x0, 0x2f, 0xf4,
    0x0, 0x0, 0x0, 0x0, 0x33, 0xdf, 0xa3, 0x35,
    0xff, 0x73, 0x33, 0x33, 0x30, 0x2f, 0xff, 0xff,
    0xff, 0xff, 0xff, 0xff, 0xff, 0xff, 0x32, 0xff,
    0xff, 0xff, 0xff, 0xff, 0xff, 0xff, 0xff, 0xf3,

    /* U+6E29 "温" */
    0x0, 0x34, 0x0, 0x0, 0x0, 0x0, 0x0, 0x0,
    0x0, 0x0, 0x1e, 0xfc, 0x30, 0xef, 0xff, 0xff,
    0xff, 0xfa, 0x0, 0x0, 0x3a, 0xff, 0x2e, 0xfe,
    0xdd, 0xdd, 0xff, 0xa0, 0x0, 0x0, 0x3, 0x40,
    0xef, 0xba, 0xaa, 0xad, 0xfa, 0x0, 0x0, 0x0,
    0x0, 0xe, 0xff, 0xff, 0xff, 0xff, 0xa0, 0x0,
    0xb9, 0x20, 0x0, 0xef, 0x51, 0x11, 0x1a, 0xfa,
    0x0, 0x4f, 0xff, 0x90, 0xe, 0xfd, 0xcc, 0xcc,
    0xef, 0xa0, 0x0, 0x2b, 0xfd, 0x0, 0xef, 0xff,
    0xff, 0xff, 0xfa, 0x0, 0x0, 0x5, 0x20, 0x0,
    0x0, 0x0, 0x0, 0x0, 0x0, 0x0, 0x0, 0x0,
    0x6, 0xdd, 0xdd, 0xdd, 0xdd, 0xdd, 0x30, 0x0,
    0x5, 0xd2, 0x7f, 0xff, 0xff, 0xff, 0xff, 0xf4,
    0x0, 0x0, 0xdf, 0x87, 0xf9, 0x7f, 0x6a, 0xf2,
    0xef, 0x40, 0x0, 0x5f, 0xf2, 0x7f, 0x86, 0xf5,
    0xaf, 0x1d, 0xf4, 0x0, 0xd, 0xfa, 0x7, 0xf8,
    0x6f, 0x5a, 0xf1, 0xdf, 0x40, 0x6, 0xff, 0x20,
    0x7f, 0x86, 0xf5, 0xaf, 0x1d, 0xf4, 0x0, 0xef,
    0xa0, 0xdf, 0xff, 0xff, 0xff, 0xfe, 0xff, 0xe5,
    0x5, 0xe2, 0xe, 0xff, 0xff, 0xff, 0xff, 0xff,
    0xff, 0x60, 0x0, 0x0, 0x0, 0x0, 0x0, 0x0,
    0x0, 0x0, 0x0,

    /* U+70D9 "烙" */
    0x0, 0x0, 0x0, 0x0, 0x0, 0x30, 0x0, 0x0,
    0x0, 0x0, 0x0, 0xaf, 0x50, 0x0, 0x2f, 0xf0,
    0x0, 0x0, 0x0, 0x0, 0xa, 0xf5, 0x0, 0x9,
    0xfd, 0x33, 0x33, 0x20, 0x0, 0x0, 0xaf, 0x50,
    0x3, 0xff, 0xff, 0xff, 0xff, 0x70, 0x0, 0xa,
    0xf5, 0x73, 0xdf, 0xec, 0xcc, 0xdf, 0xf4, 0x0,
    0xba, 0xaf, 0x7f, 0xff, 0xff, 0x30, 0x1d, 0xfa,
    0x0, 0xe, 0xaa, 0xfb, 0xf7, 0xfa, 0xfe, 0x6d,
    0xfd, 0x0, 0x0, 0xf9, 0xaf, 0xfb, 0x1, 0x9,
    0xff, 0xfd, 0x10, 0x0, 0x3f, 0x6b, 0xf9, 0x30,
    0x28, 0xef, 0xff, 0xfa, 0x40, 0x4, 0xd2, 0xbf,
    0x56, 0xdf, 0xff, 0xd5, 0x9f, 0xff, 0xf5, 0x0,
    0xc, 0xf4, 0x3f, 0xfb, 0x50, 0x0, 0x18, 0xdf,
    0x10, 0x0, 0xef, 0x50, 0x5e, 0xdd, 0xdd, 0xdd,
    0xdd, 0x10, 0x0, 0x1f, 0xfe, 0x12, 0xff, 0xff,
    0xff, 0xff, 0xf0, 0x0, 0x5, 0xff, 0xfc, 0x2f,
    0xf2, 0x22, 0x26, 0xff, 0x0, 0x0, 0xaf, 0x8c,
    0xf9, 0xff, 0x0, 0x0, 0x4f, 0xf0, 0x0, 0x2f,
    0xf3, 0x4f, 0x4f, 0xf3, 0x33, 0x36, 0xff, 0x0,
    0xb, 0xfc, 0x0, 0x22, 0xff, 0xff, 0xff, 0xff,
    0xf0, 0x2, 0xff, 0x40, 0x0, 0x2f, 0xfd, 0xdd,
    0xdd, 0xff, 0x0, 0x4, 0x90, 0x0, 0x2, 0xff,
    0x0, 0x0, 0x4f, 0xf0, 0x0, 0x0, 0x0, 0x0,
    0x0, 0x0, 0x0, 0x0, 0x0, 0x0,

    /* U+70ED "热" */
    0x0, 0x5, 0xea, 0x0, 0x0, 0xbf, 0x60, 0x0,
    0x0, 0x0, 0x0, 0x6f, 0xb0, 0x0, 0xc, 0xf6,
    0x0, 0x0, 0x0, 0xc, 0xde, 0xff, 0xd8, 0xbb,
    0xff, 0xdb, 0xbb, 0x20, 0x0, 0xef, 0xff, 0xff,
    0xaf, 0xff, 0xff, 0xff, 0xf2, 0x0, 0x3, 0x48,
    0xfc, 0x42, 0x23, 0xef, 0x63, 0xff, 0x10, 0x0,
    0x0, 0x6f, 0xb4, 0x40, 0xf, 0xf2, 0xf, 0xf1,
    0x0, 0x2, 0x5b, 0xff, 0xfa, 0x89, 0xff, 0x0,
    0xff, 0x10, 0x4, 0xff, 0xff, 0xff, 0xaf, 0xff,
    0xe0, 0xf, 0xf0, 0x0, 0x1f, 0xfe, 0xfb, 0x0,
    0x3e, 0xff, 0xa1, 0xff, 0x0, 0x0, 0x30, 0x6f,
    0xb0, 0x3, 0xff, 0xff, 0xcd, 0xf3, 0xc3, 0x1,
    0x27, 0xfb, 0x1, 0xdf, 0xc4, 0xe6, 0xbf, 0x8f,
    0x80, 0x4f, 0xff, 0x90, 0xdf, 0xf2, 0x1, 0x6,
    0xff, 0xf4, 0x0, 0xdd, 0xa1, 0x3, 0xe3, 0x0,
    0x0, 0x9, 0xc8, 0x0, 0x2, 0xa6, 0x0, 0x21,
    0x1, 0x41, 0x4, 0xb4, 0x0, 0x0, 0xbf, 0xc0,
    0xbf, 0x70, 0xbf, 0x90, 0xaf, 0xe1, 0x0, 0x5f,
    0xf4, 0x9, 0xfa, 0x6, 0xfe, 0x1, 0xff, 0xa0,
    0x1e, 0xfb, 0x0, 0x7f, 0xc0, 0x2f, 0xf3, 0x7,
    0xff, 0x30, 0x4a, 0x10, 0x4, 0x84, 0x0, 0x74,
    0x0, 0xa, 0x40,

    /* U+72B6 "状" */
    0x0, 0x0, 0xef, 0x50, 0x0, 0x4f, 0xe0, 0x16,
    0x0, 0x0, 0x0, 0xe, 0xf5, 0x0, 0x4, 0xff,
    0xe, 0xf6, 0x0, 0x4, 0x50, 0xef, 0x50, 0x0,
    0x4f, 0xf0, 0x5f, 0xf2, 0x4, 0xff, 0x2e, 0xf5,
    0x0, 0x4, 0xff, 0x0, 0xbf, 0x60, 0xb, 0xfc,
    0xef, 0x50, 0x0, 0x4f, 0xf0, 0x2, 0x30, 0x0,
    0x2f, 0xff, 0xf8, 0xff, 0xff, 0xff, 0xff, 0xff,
    0xf0, 0x0, 0x85, 0xef, 0x8f, 0xff, 0xff, 0xff,
    0xff, 0xff, 0x0, 0x0, 0xe, 0xf6, 0x44, 0x4a,
    0xff, 0x84, 0x44, 0x40, 0x0, 0x0, 0xff, 0x50,
    0x0, 0x9f, 0xf9, 0x0, 0x0, 0x0, 0x0, 0xbf,
    0xf5, 0x0, 0xd, 0xff, 0xe0, 0x0, 0x0, 0x2,
    0xdf, 0xff, 0x50, 0x1, 0xff, 0xff, 0x50, 0x0,
    0x4, 0xef, 0xef, 0xf5, 0x0, 0x7f, 0xf9, 0xfc,
    0x0, 0x0, 0x4f, 0xe2, 0xef, 0x50, 0xd, 0xfa,
    0x2f, 0xf5, 0x0, 0x0, 0x81, 0xe, 0xf5, 0x6,
    0xff, 0x30, 0xaf, 0xe1, 0x0, 0x0, 0x0, 0xef,
    0x52, 0xff, 0xb0, 0x2, 0xff, 0xc0, 0x0, 0x0,
    0xe, 0xf6, 0xdf, 0xf2, 0x0, 0x7, 0xff, 0xc1,
    0x0, 0x0, 0xef, 0xef, 0xf5, 0x0, 0x0, 0xa,
    0xfe, 0x10, 0x0, 0xe, 0xf5, 0xa7, 0x0, 0x0,
    0x0, 0x9, 0x30, 0x0, 0x0, 0x0, 0x0, 0x0,
    0x0, 0x0, 0x0, 0x0, 0x0,

    /* U+7535 "电" */
    0x0, 0x0, 0x0, 0xef, 0x80, 0x0, 0x0, 0x0,
    0x0, 0x0, 0x0, 0xe, 0xf8, 0x0, 0x0, 0x0,
    0x0, 0x34, 0x44, 0x44, 0xff, 0xa4, 0x44, 0x44,
    0x10, 0xe, 0xff, 0xff, 0xff, 0xff, 0xff, 0xff,
    0xf6, 0x0, 0xef, 0xff, 0xff, 0xff, 0xff, 0xff,
    0xff, 0x60, 0xe, 0xf7, 0x0, 0xe, 0xf8, 0x0,
    0xe, 0xf6, 0x0, 0xef, 0x82, 0x22, 0xef, 0x92,
    0x22, 0xef, 0x60, 0xe, 0xff, 0xff, 0xff, 0xff,
    0xff, 0xff, 0xf6, 0x0, 0xef, 0xff, 0xff, 0xff,
    0xff, 0xff, 0xff, 0x60, 0xe, 0xf7, 0x0, 0xe,
    0xf8, 0x0, 0xe, 0xf6, 0x0, 0xef, 0x94, 0x44,
    0xff, 0xa4, 0x44, 0xff, 0x60, 0xe, 0xff, 0xff,
    0xff, 0xff, 0xff, 0xff, 0xf6, 0x0, 0xef, 0xff,
    0xff, 0xff, 0xff, 0xff, 0xff, 0x60, 0xe, 0xf7,
    0x0, 0xe, 0xf8, 0x0, 0x0, 0x1f, 0xb1, 0x0,
    0x0, 0x0, 0xef, 0x80, 0x0, 0x3, 0xff, 0x20,
    0x0, 0x0, 0xd, 0xfd, 0x54, 0x44, 0xaf, 0xf0,
    0x0, 0x0, 0x0, 0x9f, 0xff, 0xff, 0xff, 0xf9,
    0x0, 0x0, 0x0, 0x1, 0xbf, 0xff, 0xff, 0xfa,
    0x10,

    /* U+7801 "码" */
    0x2, 0x22, 0x22, 0x21, 0x0, 0x0, 0x0, 0x0,
    0x0, 0x1, 0xff, 0xff, 0xff, 0xc8, 0xff, 0xff,
    0xff, 0xfb, 0x0, 0x1e, 0xef, 0xfe, 0xeb, 0x8f,
    0xff, 0xff, 0xff, 0xa0, 0x0, 0x3, 0xfe, 0x0,
    0x0, 0x45, 0x20, 0xa, 0xf9, 0x0, 0x0, 0x6f,
    0xb0, 0x0, 0xb, 0xf6, 0x0, 0xbf, 0x70, 0x0,
    0xb, 0xf6, 0x0, 0x0, 0xcf, 0x50, 0xd, 0xf5,
    0x0, 0x1, 0xff, 0x76, 0x62, 0xe, 0xf3, 0x0,
    0xef, 0x40, 0x0, 0x7f, 0xff, 0xff, 0x50, 0xff,
    0x20, 0xf, 0xf2, 0x0, 0x1f, 0xff, 0x9d, 0xf5,
    0x1f, 0xfe, 0xee, 0xff, 0xee, 0x15, 0xff, 0xf0,
    0x9f, 0x53, 0xff, 0xff, 0xff, 0xff, 0xf0, 0xf,
    0xff, 0x9, 0xf5, 0x0, 0x0, 0x0, 0x3, 0xff,
    0x0, 0x4e, 0xf0, 0x9f, 0x53, 0x44, 0x44, 0x43,
    0x4f, 0xd0, 0x0, 0xef, 0x9, 0xf5, 0xef, 0xff,
    0xff, 0xd6, 0xfc, 0x0, 0xe, 0xfd, 0xef, 0x59,
    0xaa, 0xaa, 0xa9, 0x8f, 0xa0, 0x0, 0xef, 0xff,
    0xf5, 0x0, 0x0, 0x0, 0xb, 0xf8, 0x0, 0xe,
    0xf2, 0x22, 0x0, 0x0, 0x1, 0x2, 0xff, 0x40,
    0x0, 0xef, 0x0, 0x0, 0x0, 0x0, 0x8f, 0xff,
    0xf0, 0x0, 0x0, 0x0, 0x0, 0x0, 0x0, 0x3,
    0xff, 0xd4, 0x0,

    /* U+793A "示" */
    0x0, 0x3f, 0xff, 0xff, 0xff, 0xff, 0xff, 0xff,
    0x30, 0x0, 0x3, 0xff, 0xff, 0xff, 0xff, 0xff,
    0xff, 0xf3, 0x0, 0x0, 0x15, 0x55, 0x55, 0x55,
    0x55, 0x55, 0x55, 0x10, 0x0, 0x0, 0x0, 0x0,
    0x0, 0x0, 0x0, 0x0, 0x0, 0x0, 0x4, 0x55,
    0x55, 0x55, 0x55, 0x55, 0x55, 0x55, 0x55, 0x0,
    0xff, 0xff, 0xff, 0xff, 0xff, 0xff, 0xff, 0xff,
    0xf0, 0xe, 0xff, 0xff, 0xff, 0xff, 0xff, 0xff,
    0xff, 0xff, 0x0, 0x0, 0x0, 0x0, 0xa, 0xfd,
    0x0, 0x0, 0x0, 0x0, 0x0, 0x3, 0x62, 0x0,
    0xaf, 0xd0, 0x1, 0x71, 0x0, 0x0, 0x0, 0xaf,
    0xf0, 0xa, 0xfd, 0x0, 0xef, 0xa0, 0x0, 0x0,
    0x2f, 0xf8, 0x0, 0xaf, 0xd0, 0x7, 0xff, 0x40,
    0x0, 0xb, 0xff, 0x10, 0xa, 0xfd, 0x0, 0xe,
    0xfc, 0x0, 0x6, 0xff, 0x80, 0x0, 0xaf, 0xd0,
    0x0, 0x6f, 0xf5, 0x3, 0xff, 0xd0, 0x0, 0xa,
    0xfd, 0x0, 0x0, 0xef, 0xc0, 0x8, 0xf3, 0x5,
    0x55, 0xdf, 0xc0, 0x0, 0x9, 0xf8, 0x0, 0x1,
    0x0, 0x9f, 0xff, 0xfa, 0x0, 0x0, 0x10, 0x0,
    0x0, 0x0, 0x4, 0xff, 0xea, 0x20, 0x0, 0x0,
    0x0, 0x0, 0x0, 0x0, 0x0, 0x0, 0x0, 0x0,
    0x0, 0x0, 0x0,

    /* U+7A7A "空" */
    0x0, 0x0, 0x0, 0x0, 0x30, 0x0, 0x0, 0x0,
    0x0, 0x0, 0x0, 0x4, 0xef, 0x50, 0x0, 0x0,
    0x0, 0x0, 0x0, 0x0, 0xf, 0xfc, 0x0, 0x0,
    0x0, 0xe, 0xff, 0xff, 0xff, 0xff, 0xff, 0xff,
    0xff, 0xfe, 0xef, 0xff, 0xff, 0xff, 0xff, 0xff,
    0xff, 0xff, 0xee, 0xf5, 0x11, 0x11, 0x11, 0x12,
    0x11, 0x17, 0xfe, 0xef, 0x50, 0x3c, 0xb0, 0x2,
    0xed, 0x60, 0x7f, 0xe9, 0xa6, 0xaf, 0xfe, 0x30,
    0x5d, 0xff, 0xea, 0x54, 0x5c, 0xff, 0xf9, 0x10,
    0x0, 0x6, 0xdf, 0xff, 0x63, 0xff, 0xa2, 0x0,
    0x0, 0x0, 0x0, 0x6e, 0xe2, 0x5, 0x9f, 0xff,
    0xff, 0xff, 0xff, 0xff, 0x81, 0x0, 0x7, 0xff,
    0xff, 0xff, 0xff, 0xff, 0xf8, 0x0, 0x0, 0x1,
    0x11, 0x1e, 0xf8, 0x11, 0x11, 0x0, 0x0, 0x0,
    0x0, 0x0, 0xef, 0x80, 0x0, 0x0, 0x0, 0x0,
    0x0, 0x0, 0xe, 0xf8, 0x0, 0x0, 0x0, 0x0,
    0x0, 0x0, 0x0, 0xef, 0x80, 0x0, 0x0, 0x0,
    0xcf, 0xff, 0xff, 0xff, 0xff, 0xff, 0xff, 0xff,
    0xdc, 0xff, 0xff, 0xff, 0xff, 0xff, 0xff, 0xff,
    0xfd, 0x1, 0x11, 0x11, 0x11, 0x11, 0x11, 0x11,
    0x11, 0x0,

    /* U+7CFB "系" */
    0x0, 0x0, 0x0, 0x0, 0x0, 0x0, 0x0, 0x10,
    0x0, 0x0, 0x0, 0x0, 0x1, 0x23, 0x57, 0x9b,
    0xef, 0xb0, 0x0, 0x0, 0xcd, 0xef, 0xff, 0xff,
    0xff, 0xff, 0xfe, 0x50, 0x0, 0xa, 0xff, 0xff,
    0xff, 0xfa, 0x86, 0x41, 0x0, 0x0, 0x0, 0x12,
    0x12, 0xcf, 0xe2, 0x0, 0x49, 0x0, 0x0, 0x0,
    0x0, 0x4, 0xef, 0xc1, 0x0, 0x9f, 0xf9, 0x0,
    0x0, 0x0, 0xa, 0xff, 0xfc, 0xcd, 0xef, 0xfa,
    0x0, 0x0, 0x0, 0x0, 0xbf, 0xff, 0xff, 0xff,
    0xf7, 0x11, 0x0, 0x0, 0x0, 0x4, 0x52, 0x5d,
    0xff, 0xd3, 0x4e, 0xd1, 0x0, 0x0, 0x0, 0x1,
    0x9f, 0xff, 0x70, 0x1, 0xef, 0xb0, 0x0, 0x0,
    0x7, 0xef, 0xff, 0xa8, 0x9a, 0xce, 0xff, 0x80,
    0x0, 0xb, 0xff, 0xff, 0xff, 0xff, 0xff, 0xfe,
    0xff, 0x30, 0x0, 0x6e, 0xca, 0x87, 0xaf, 0xf2,
    0x10, 0xa, 0xf8, 0x0, 0x0, 0x5, 0x61, 0x6,
    0xfe, 0x0, 0x84, 0x14, 0x0, 0x0, 0x5, 0xff,
    0xc0, 0x6f, 0xe0, 0xbf, 0xf8, 0x0, 0x0, 0x7,
    0xff, 0xd1, 0x6, 0xfe, 0x0, 0xaf, 0xfb, 0x0,
    0xa, 0xff, 0xc1, 0x22, 0x7f, 0xe0, 0x0, 0x8f,
    0xfc, 0x0, 0x1c, 0xa0, 0xe, 0xff, 0xfd, 0x0,
    0x0, 0x7d, 0x30, 0x0, 0x0, 0x0, 0x9f, 0xfc,
    0x40, 0x0, 0x0, 0x0, 0x0, 0x0, 0x0, 0x0,
    0x0, 0x0, 0x0, 0x0, 0x0, 0x0,

    /* U+7EBF "线" */
    0x0, 0x0, 0xb4, 0x0, 0x0, 0x2f, 0xf2, 0x74,
    0x0, 0x0, 0x0, 0x4f, 0xf2, 0x0, 0x2, 0xff,
    0x5f, 0xf9, 0x0, 0x0, 0xb, 0xfb, 0x0, 0x0,
    0x1f, 0xf2, 0x3e, 0x90, 0x0, 0x3, 0xff, 0x20,
    0x0, 0x0, 0xff, 0x77, 0xbc, 0x50, 0x0, 0xcf,
    0x91, 0xd4, 0x6b, 0xdf, 0xff, 0xff, 0xf8, 0x0,
    0x6f, 0xd0, 0x9f, 0xd9, 0xff, 0xff, 0xd9, 0x64,
    0x10, 0x2f, 0xff, 0xff, 0xf4, 0x36, 0x3e, 0xf6,
    0x0, 0x1, 0x0, 0xef, 0xff, 0xf9, 0x0, 0x0,
    0xcf, 0xb9, 0xcf, 0xe0, 0x3, 0x29, 0xfd, 0x1,
    0x8b, 0xef, 0xff, 0xff, 0xfe, 0x0, 0x5, 0xff,
    0x21, 0x2f, 0xff, 0xff, 0xe7, 0x44, 0x0, 0x4,
    0xff, 0xee, 0xf7, 0x86, 0x36, 0xfe, 0x4, 0xfd,
    0x10, 0xff, 0xff, 0xfd, 0x50, 0x0, 0x2f, 0xf5,
    0xff, 0x90, 0xa, 0xb7, 0x40, 0x0, 0x0, 0x0,
    0xef, 0xff, 0xb0, 0x0, 0x0, 0x1, 0x6b, 0x70,
    0x0, 0xd, 0xff, 0xb0, 0x0, 0x3, 0x8c, 0xff,
    0xfa, 0x0, 0x7e, 0xff, 0xf1, 0x2a, 0x10, 0xff,
    0xff, 0xb5, 0x49, 0xff, 0xfd, 0xef, 0xb7, 0xf6,
    0xb, 0xb6, 0x10, 0x5, 0xff, 0xe7, 0x5, 0xff,
    0xff, 0x20, 0x0, 0x0, 0x0, 0x7, 0x50, 0x0,
    0x6, 0xef, 0x80,

    /* U+7EC4 "组" */
    0x0, 0x0, 0x0, 0x0, 0x0, 0x0, 0x0, 0x0,
    0x0, 0x0, 0x0, 0x2c, 0x50, 0x0, 0x0, 0x0,
    0x0, 0x0, 0x0, 0x0, 0x8, 0xfd, 0x0, 0x3f,
    0xff, 0xff, 0xff, 0xa0, 0x0, 0x0, 0xef, 0x50,
    0x3, 0xff, 0xff, 0xff, 0xfa, 0x0, 0x0, 0x7f,
    0xc0, 0x0, 0x3f, 0xf1, 0x11, 0xaf, 0xa0, 0x0,
    0x1f, 0xf3, 0x2b, 0x23, 0xff, 0x0, 0xa, 0xfa,
    0x0, 0xa, 0xf9, 0xa, 0xfa, 0x3f, 0xf3, 0x33,
    0xbf, 0xa0, 0x6, 0xff, 0xef, 0xfe, 0x13, 0xff,
    0xff, 0xff, 0xfa, 0x0, 0x2f, 0xff, 0xff, 0x30,
    0x3f, 0xfd, 0xdd, 0xff, 0xa0, 0x0, 0x20, 0xcf,
    0x60, 0x3, 0xff, 0x0, 0xa, 0xfa, 0x0, 0x0,
    0xbf, 0xa4, 0x64, 0x3f, 0xf0, 0x0, 0xaf, 0xa0,
    0x2, 0xcf, 0xff, 0xff, 0x83, 0xff, 0xcc, 0xce,
    0xfa, 0x0, 0x1f, 0xff, 0xb8, 0x51, 0x3f, 0xff,
    0xff, 0xff, 0xa0, 0x0, 0x63, 0x0, 0x0, 0x3,
    0xff, 0x33, 0x3b, 0xfa, 0x0, 0x0, 0x0, 0x37,
    0xc3, 0x3f, 0xf0, 0x0, 0xaf, 0xa0, 0x1, 0x6a,
    0xef, 0xff, 0x53, 0xff, 0x0, 0xa, 0xfa, 0x0,
    0x4f, 0xff, 0xff, 0xc4, 0x3f, 0xf0, 0x0, 0xaf,
    0xa0, 0x1, 0xfe, 0xa5, 0x10, 0xdf, 0xff, 0xff,
    0xff, 0xff, 0xf2, 0x3, 0x0, 0x0, 0xd, 0xff,
    0xff, 0xff, 0xff, 0xff, 0x20,

    /* U+7EDF "统" */
    0x0, 0x3, 0x20, 0x0, 0x0, 0x0, 0x41, 0x0,
    0x0, 0x0, 0x0, 0xaf, 0xa0, 0x0, 0x0, 0xdf,
    0x80, 0x0, 0x0, 0x0, 0x1f, 0xf9, 0x0, 0x0,
    0x8, 0xfd, 0x0, 0x0, 0x0, 0x7, 0xff, 0x20,
    0x7e, 0xee, 0xef, 0xee, 0xee, 0xe1, 0x0, 0xef,
    0x93, 0x18, 0xff, 0xff, 0xff, 0xff, 0xff, 0x10,
    0x7f, 0xf1, 0xde, 0x52, 0x2d, 0xfd, 0x22, 0x62,
    0x20, 0x3f, 0xfa, 0x8f, 0xf4, 0x7, 0xff, 0x40,
    0xdf, 0x20, 0x8, 0xff, 0xff, 0xfb, 0x2, 0xff,
    0x90, 0xa, 0xfc, 0x0, 0x3f, 0xff, 0xff, 0x34,
    0xdf, 0xfa, 0xac, 0xef, 0xf5, 0x0, 0x43, 0xef,
    0x90, 0xcf, 0xff, 0xff, 0xff, 0xff, 0xd0, 0x0,
    0xbf, 0xe0, 0x28, 0xfe, 0xca, 0x86, 0x44, 0xfe,
    0x20, 0x8f, 0xfe, 0xff, 0x11, 0xbe, 0x72, 0xff,
    0x15, 0x10, 0x5f, 0xff, 0xff, 0xe0, 0xd, 0xf6,
    0x2f, 0xf1, 0x0, 0x1, 0xfd, 0x95, 0x10, 0x0,
    0xef, 0x52, 0xff, 0x10, 0x0, 0x2, 0x0, 0x5,
    0xb1, 0x2f, 0xf2, 0x2f, 0xf1, 0x43, 0x0, 0x4,
    0xaf, 0xff, 0x58, 0xfe, 0x2, 0xff, 0x18, 0xf5,
    0x4f, 0xff, 0xfd, 0x66, 0xff, 0x80, 0x2f, 0xf1,
    0xaf, 0x42, 0xff, 0xa3, 0x9, 0xff, 0xd0, 0x1,
    0xff, 0xff, 0xf1, 0x6, 0x0, 0x0, 0x3f, 0xc1,
    0x0, 0x9, 0xff, 0xf8, 0x0, 0x0, 0x0, 0x0,
    0x30, 0x0, 0x0, 0x0, 0x0, 0x0,

    /* U+7F16 "编" */
    0x0, 0x0, 0x0, 0x0, 0x0, 0x0, 0x0, 0x0,
    0x0, 0x0, 0x0, 0x6c, 0x60, 0x0, 0x0, 0x4d,
    0xe0, 0x0, 0x0, 0x0, 0xb, 0xf8, 0x0, 0x0,
    0x3, 0xff, 0x60, 0x0, 0x0, 0x1, 0xff, 0x20,
    0x2f, 0xff, 0xff, 0xff, 0xff, 0xe0, 0x0, 0x8f,
    0xa0, 0x2, 0xff, 0xcc, 0xcc, 0xcd, 0xfe, 0x0,
    0xe, 0xf1, 0xbb, 0x3f, 0xe0, 0x0, 0x0, 0x3f,
    0xe0, 0x9, 0xfa, 0x5f, 0xe2, 0xff, 0xff, 0xff,
    0xff, 0xfe, 0x2, 0xff, 0xff, 0xf7, 0x2f, 0xfd,
    0xdd, 0xdd, 0xdd, 0xc0, 0xd, 0xde, 0xfd, 0x2,
    0xfe, 0x0, 0x0, 0x0, 0x0, 0x0, 0x0, 0xef,
    0x30, 0x2f, 0xff, 0xff, 0xff, 0xff, 0xf3, 0x0,
    0x9f, 0xa5, 0x43, 0xff, 0xfd, 0xfe, 0xff, 0xef,
    0x30, 0x7f, 0xff, 0xf9, 0x5f, 0xff, 0x3e, 0x7b,
    0xb7, 0xf3, 0xf, 0xff, 0xea, 0x47, 0xff, 0xf4,
    0xe7, 0xbb, 0x8f, 0x30, 0x87, 0x30, 0x12, 0xaf,
    0xdf, 0xff, 0xff, 0xff, 0xf3, 0x0, 0x2, 0x9f,
    0x9e, 0xfa, 0xfc, 0xfd, 0xee, 0xdf, 0x30, 0x5b,
    0xff, 0xfb, 0xfe, 0x8f, 0x3e, 0x7b, 0xb7, 0xf3,
    0x1f, 0xfe, 0x71, 0xaf, 0x98, 0xf3, 0xe7, 0xbb,
    0x7f, 0x30, 0xa5, 0x0, 0xd, 0xf3, 0x8f, 0x3e,
    0x7b, 0xcc, 0xf3, 0x0, 0x0, 0x0, 0x7, 0x7,
    0xf3, 0x21, 0x11, 0xec, 0x0,

    /* U+7F6E "置" */
    0x0, 0xff, 0xff, 0xff, 0xff, 0xff, 0xff, 0xff,
    0xf2, 0x0, 0xf, 0xf9, 0x8d, 0xfb, 0x8b, 0xfd,
    0x89, 0xff, 0x20, 0x0, 0xff, 0xff, 0xff, 0xff,
    0xff, 0xff, 0xff, 0xf2, 0x0, 0x9, 0x99, 0x99,
    0x9e, 0xfc, 0x99, 0x99, 0x99, 0x10, 0x7, 0x99,
    0x99, 0x99, 0xff, 0xc9, 0x99, 0x99, 0x95, 0x0,
    0xcf, 0xff, 0xff, 0xff, 0xff, 0xff, 0xff, 0xff,
    0x80, 0x1, 0x13, 0x33, 0x34, 0xff, 0x53, 0x33,
    0x33, 0x10, 0x0, 0x0, 0xdf, 0xff, 0xff, 0xff,
    0xff, 0xff, 0xc0, 0x0, 0x0, 0xd, 0xf8, 0x55,
    0x55, 0x55, 0x5a, 0xfc, 0x0, 0x0, 0x0, 0xdf,
    0xff, 0xff, 0xff, 0xff, 0xff, 0xc0, 0x0, 0x0,
    0xd, 0xf8, 0x44, 0x44, 0x44, 0x49, 0xfc, 0x0,
    0x0, 0x0, 0xdf, 0xff, 0xff, 0xff, 0xff, 0xff,
    0xc0, 0x0, 0x0, 0xd, 0xf9, 0x55, 0x55, 0x55,
    0x5a, 0xfc, 0x0, 0x0, 0x0, 0xdf, 0xdc, 0xcc,
    0xcc, 0xcc, 0xdf, 0xc0, 0x0, 0x9, 0x9e, 0xfb,
    0x99, 0x99, 0x99, 0x9c, 0xfe, 0x99, 0x10, 0xff,
    0xff, 0xff, 0xff, 0xff, 0xff, 0xff, 0xff, 0xf1,
    0x0, 0x0, 0x0, 0x0, 0x0, 0x0, 0x0, 0x0,
    0x0, 0x0,

    /* U+81EA "自" */
    0x0, 0x0, 0x0, 0x43, 0x10, 0x0, 0x0, 0x0,
    0x0, 0x0, 0xf, 0xfa, 0x0, 0x0, 0x0, 0x0,
    0x0, 0x4, 0xff, 0x30, 0x0, 0x0, 0x3, 0xee,
    0xee, 0xff, 0xfe, 0xee, 0xee, 0xe7, 0x4f, 0xff,
    0xff, 0xff, 0xff, 0xff, 0xff, 0x84, 0xff, 0x44,
    0x44, 0x44, 0x44, 0x4f, 0xf8, 0x4f, 0xf0, 0x0,
    0x0, 0x0, 0x0, 0xef, 0x84, 0xff, 0x55, 0x55,
    0x55, 0x55, 0x5f, 0xf8, 0x4f, 0xff, 0xff, 0xff,
    0xff, 0xff, 0xff, 0x84, 0xff, 0xcc, 0xcc, 0xcc,
    0xcc, 0xcf, 0xf8, 0x4f, 0xf0, 0x0, 0x0, 0x0,
    0x0, 0xef, 0x84, 0xff, 0x44, 0x44, 0x44, 0x44,
    0x4f, 0xf8, 0x4f, 0xff, 0xff, 0xff, 0xff, 0xff,
    0xff, 0x84, 0xff, 0xdd, 0xdd, 0xdd, 0xdd, 0xdf,
    0xf8, 0x4f, 0xf0, 0x0, 0x0, 0x0, 0x0, 0xef,
    0x84, 0xff, 0x32, 0x22, 0x22, 0x22, 0x2e, 0xf8,
    0x4f, 0xff, 0xff, 0xff, 0xff, 0xff, 0xff, 0x84,
    0xff, 0xff, 0xff, 0xff, 0xff, 0xff, 0xf8, 0x4f,
    0xf0, 0x0, 0x0, 0x0, 0x0, 0xef, 0x80, 0x0,
    0x0, 0x0, 0x0, 0x0, 0x0, 0x0,

    /* U+8BBE "设" */
    0x0, 0x2, 0x0, 0x0, 0x0, 0x0, 0x0, 0x0,
    0x0, 0x0, 0x9, 0xf6, 0x0, 0x1, 0xff, 0xff,
    0xff, 0xe0, 0x0, 0x0, 0x7f, 0xf8, 0x0, 0x1f,
    0xff, 0xff, 0xfe, 0x0, 0x0, 0x0, 0x6f, 0xf3,
    0x2, 0xff, 0x11, 0x5f, 0xe0, 0x0, 0x0, 0x0,
    0x65, 0x0, 0x7f, 0xd0, 0x3, 0xfe, 0x0, 0x0,
    0x11, 0x11, 0x0, 0x5f, 0xf8, 0x0, 0x3f, 0xf6,
    0x62, 0x5f, 0xff, 0xf2, 0x6f, 0xfc, 0x0, 0x0,
    0xef, 0xff, 0x54, 0xdd, 0xff, 0x20, 0x87, 0x0,
    0x0, 0x1, 0x45, 0x51, 0x0, 0x1f, 0xf2, 0xb,
    0xff, 0xff, 0xff, 0xff, 0xe5, 0x0, 0x1, 0xff,
    0x20, 0xcf, 0xff, 0xff, 0xff, 0xff, 0x40, 0x0,
    0x1f, 0xf2, 0x2, 0xef, 0x52, 0x22, 0xaf, 0xd0,
    0x0, 0x1, 0xff, 0x23, 0x9, 0xfd, 0x0, 0x3f,
    0xf5, 0x0, 0x0, 0x1f, 0xf9, 0xf2, 0xd, 0xfc,
    0x5f, 0xfb, 0x0, 0x0, 0x1, 0xff, 0xff, 0x50,
    0x3f, 0xff, 0xfd, 0x10, 0x0, 0x0, 0x4f, 0xff,
    0x50, 0x16, 0xef, 0xff, 0xc4, 0x0, 0x0, 0xc,
    0xfe, 0x37, 0xbf, 0xff, 0xeb, 0xff, 0xfe, 0xa4,
    0x0, 0x4d, 0x20, 0x8f, 0xfd, 0x71, 0x4, 0xbf,
    0xfe, 0x10, 0x0, 0x10, 0x1, 0x73, 0x0, 0x0,
    0x0, 0x27, 0x50,

    /* U+8BEF "误" */
    0x0, 0x14, 0x0, 0x0, 0x0, 0x0, 0x0, 0x0,
    0x0, 0x0, 0x1d, 0xf6, 0x0, 0x2f, 0xff, 0xff,
    0xff, 0xff, 0x50, 0x0, 0x8f, 0xf8, 0x2, 0xff,
    0xff, 0xff, 0xff, 0xf5, 0x0, 0x0, 0x8f, 0xe1,
    0x2f, 0xf0, 0x0, 0x0, 0xef, 0x50, 0x0, 0x0,
    0x71, 0x2, 0xff, 0x88, 0x88, 0x8f, 0xf5, 0x2,
    0x66, 0x66, 0x10, 0x2f, 0xff, 0xff, 0xff, 0xff,
    0x50, 0x5f, 0xff, 0xf4, 0x0, 0x33, 0x33, 0x33,
    0x33, 0x31, 0x3, 0x99, 0xff, 0x40, 0x6c, 0xcc,
    0xcc, 0xcc, 0xcc, 0x90, 0x0, 0xf, 0xf4, 0x9,
    0xff, 0xff, 0xff, 0xff, 0xfc, 0x0, 0x0, 0xff,
    0x40, 0x24, 0x44, 0xbf, 0xa4, 0x44, 0x30, 0x0,
    0xf, 0xf4, 0x1, 0x11, 0x1b, 0xf8, 0x11, 0x11,
    0x0, 0x0, 0xff, 0x41, 0xff, 0xff, 0xff, 0xff,
    0xff, 0xf7, 0x0, 0xf, 0xf4, 0x3f, 0xff, 0xff,
    0xff, 0xff, 0xff, 0x60, 0x0, 0xff, 0xcf, 0x0,
    0x9, 0xff, 0xf9, 0x0, 0x0, 0x0, 0x2f, 0xff,
    0xf2, 0x8, 0xff, 0x9f, 0xfa, 0x0, 0x0, 0xa,
    0xff, 0xc3, 0x6d, 0xff, 0x90, 0x7f, 0xfe, 0x82,
    0x0, 0x3f, 0x80, 0x2f, 0xff, 0x70, 0x0, 0x6f,
    0xff, 0x20, 0x0, 0x30, 0x0, 0x68, 0x10, 0x0,
    0x0, 0x18, 0x50,

    /* U+8D25 "败" */
    0x0, 0x0, 0x0, 0x0, 0x0, 0x4, 0x83, 0x0,
    0x0, 0x0, 0xcf, 0xff, 0xff, 0xfd, 0x0, 0xaf,
    0x70, 0x0, 0x0, 0xc, 0xff, 0xff, 0xff, 0xd0,
    0xe, 0xf2, 0x0, 0x0, 0x0, 0xcf, 0x17, 0x71,
    0xfd, 0x4, 0xff, 0xff, 0xff, 0xf1, 0xc, 0xf1,
    0xff, 0x1f, 0xd0, 0xaf, 0xff, 0xff, 0xff, 0x10,
    0xcf, 0x1f, 0xf1, 0xfd, 0x1f, 0xf2, 0x11, 0xff,
    0x10, 0xc, 0xf1, 0xff, 0x1f, 0xda, 0xfd, 0x0,
    0x1f, 0xd0, 0x0, 0xcf, 0x1f, 0xf1, 0xff, 0xff,
    0xf1, 0x4, 0xfa, 0x0, 0xc, 0xf1, 0xff, 0x1f,
    0xdb, 0xff, 0x50, 0x7f, 0x70, 0x0, 0xcf, 0x2f,
    0xe1, 0xfd, 0x26, 0xfb, 0xb, 0xf3, 0x0, 0xc,
    0xf2, 0xfd, 0x1f, 0xd0, 0xe, 0xf3, 0xff, 0x0,
    0x0, 0xcf, 0x5f, 0xb1, 0xfd, 0x0, 0x8f, 0xef,
    0xa0, 0x0, 0x8, 0xb8, 0xf8, 0xa, 0x80, 0x1,
    0xff, 0xf3, 0x0, 0x0, 0x0, 0xdf, 0x5a, 0x40,
    0x0, 0xb, 0xff, 0x10, 0x0, 0x0, 0x6f, 0xd4,
    0xfe, 0x10, 0x7, 0xff, 0xfd, 0x20, 0x0, 0x4f,
    0xf4, 0x9, 0xfa, 0x9, 0xff, 0x7d, 0xfe, 0x50,
    0x4f, 0xf7, 0x0, 0x1e, 0xd8, 0xff, 0x70, 0x1d,
    0xff, 0x20, 0x96, 0x0, 0x0, 0x30, 0x9, 0x40,
    0x0, 0x9, 0x40,

    /* U+8F7D "载" */
    0x0, 0x0, 0xf, 0xf3, 0x0, 0xb, 0xf8, 0x2a,
    0x20, 0x0, 0x2c, 0xcc, 0xff, 0xdc, 0xc4, 0xbf,
    0x7a, 0xfd, 0x10, 0x2, 0xff, 0xff, 0xff, 0xff,
    0x4b, 0xf7, 0xc, 0xfa, 0x0, 0x0, 0x0, 0xff,
    0x30, 0x0, 0xaf, 0x80, 0x29, 0x10, 0x2f, 0xff,
    0xff, 0xff, 0xff, 0xff, 0xff, 0xff, 0xff, 0x31,
    0xcc, 0xcf, 0xec, 0xcc, 0xcc, 0xef, 0xec, 0xcc,
    0xc2, 0x0, 0x1, 0xff, 0x40, 0x0, 0x8, 0xfa,
    0x2, 0x20, 0x0, 0xac, 0xdf, 0xfc, 0xcc, 0xca,
    0x7f, 0xb0, 0xbf, 0x70, 0xd, 0xff, 0xff, 0xff,
    0xff, 0xc5, 0xfd, 0x1f, 0xf2, 0x0, 0x9, 0xfa,
    0x2, 0x10, 0x0, 0x3f, 0xe7, 0xfc, 0x0, 0x7,
    0xff, 0xcc, 0xff, 0xbb, 0x61, 0xff, 0xef, 0x60,
    0x0, 0x5f, 0xff, 0xff, 0xff, 0xf9, 0xf, 0xff,
    0xe0, 0x0, 0x0, 0x42, 0x25, 0xff, 0x22, 0x10,
    0xbf, 0xf6, 0x10, 0x0, 0x23, 0x45, 0x8f, 0xfa,
    0xbb, 0xb, 0xfe, 0x4, 0xd2, 0xe, 0xff, 0xff,
    0xff, 0xff, 0xe7, 0xff, 0xf2, 0x6f, 0x60, 0xdf,
    0xfe, 0xdf, 0xf7, 0x69, 0xff, 0xff, 0xcc, 0xf3,
    0x2, 0x10, 0x2, 0xff, 0x3, 0xff, 0xc5, 0xff,
    0xfe, 0x0, 0x0, 0x0, 0x2f, 0xf0, 0xa, 0xc1,
    0x6, 0xee, 0x50, 0x0, 0x0, 0x0, 0x21, 0x0,
    0x0, 0x0, 0x0, 0x0, 0x0,

    /* U+94C1 "铁" */
    0x0, 0x0, 0x0, 0x0, 0x0, 0x0, 0x0, 0x0,
    0x0, 0x0, 0x0, 0xeb, 0x10, 0x0, 0x32, 0xe,
    0xf5, 0x0, 0x0, 0x0, 0x8f, 0xe3, 0x33, 0xc,
    0xf4, 0xef, 0x50, 0x0, 0x0, 0x2f, 0xff, 0xff,
    0xf3, 0xef, 0x1e, 0xf5, 0x0, 0x0, 0x1d, 0xff,
    0xff, 0xff, 0x5f, 0xfd, 0xff, 0xed, 0xd6, 0x7,
    0xfe, 0x20, 0x0, 0x5, 0xff, 0xff, 0xff, 0xff,
    0x80, 0xd, 0xef, 0xff, 0xfb, 0xbf, 0x60, 0xef,
    0x50, 0x0, 0x0, 0xe, 0xff, 0xff, 0xca, 0xf1,
    0xe, 0xf5, 0x0, 0x0, 0x0, 0x17, 0xfb, 0x10,
    0x15, 0x22, 0xff, 0x62, 0x22, 0x0, 0x0, 0x7f,
    0xb0, 0x7, 0xff, 0xff, 0xff, 0xff, 0xf0, 0xe,
    0xff, 0xff, 0xff, 0xcf, 0xff, 0xff, 0xff, 0xff,
    0x0, 0xff, 0xff, 0xff, 0xf5, 0x0, 0x6f, 0xfa,
    0x0, 0x0, 0x1, 0x18, 0xfb, 0x11, 0x0, 0xb,
    0xff, 0xf1, 0x0, 0x0, 0x0, 0x7f, 0xb0, 0x0,
    0x2, 0xff, 0xef, 0x80, 0x0, 0x0, 0x7, 0xfb,
    0x4c, 0x0, 0xbf, 0xd6, 0xff, 0x20, 0x0, 0x0,
    0x8f, 0xff, 0xf2, 0x8f, 0xf4, 0xd, 0xfe, 0x20,
    0x0, 0x2f, 0xff, 0xe7, 0x9f, 0xf8, 0x0, 0x3f,
    0xfe, 0x20, 0x0, 0xef, 0x70, 0x8, 0xfa, 0x0,
    0x0, 0x5f, 0x90, 0x0, 0x4, 0x10, 0x0, 0x5,
    0x0, 0x0, 0x0, 0x30, 0x0,

    /* U+9519 "错" */
    0x0, 0x1d, 0x80, 0x0, 0x0, 0xff, 0x1, 0xff,
    0x0, 0x0, 0x8, 0xfb, 0x11, 0x0, 0xf, 0xf0,
    0x1f, 0xf0, 0x0, 0x2, 0xff, 0xff, 0xfa, 0xaf,
    0xff, 0xff, 0xff, 0xfd, 0x1, 0xdf, 0xff, 0xff,
    0xab, 0xff, 0xff, 0xff, 0xff, 0xe0, 0x6f, 0xe1,
    0x11, 0x10, 0x0, 0xff, 0x11, 0xff, 0x0, 0x0,
    0xed, 0xbb, 0xbb, 0x41, 0x1f, 0xf1, 0x2f, 0xf1,
    0x10, 0x2, 0xff, 0xff, 0xf8, 0xff, 0xff, 0xff,
    0xff, 0xff, 0x50, 0x5, 0xcf, 0xa5, 0x4f, 0xff,
    0xff, 0xff, 0xff, 0xf5, 0x0, 0xa, 0xf7, 0x0,
    0x0, 0x0, 0x0, 0x0, 0x0, 0x0, 0xdd, 0xff,
    0xed, 0xa0, 0xff, 0xff, 0xff, 0xff, 0x40, 0xf,
    0xff, 0xff, 0xfc, 0xf, 0xfd, 0xdd, 0xdf, 0xf4,
    0x0, 0x23, 0xbf, 0x83, 0x20, 0xff, 0x10, 0x0,
    0xef, 0x40, 0x0, 0xa, 0xf7, 0x0, 0xf, 0xff,
    0xff, 0xff, 0xf4, 0x0, 0x0, 0xaf, 0x76, 0x50,
    0xff, 0xdd, 0xdd, 0xff, 0x40, 0x0, 0xb, 0xff,
    0xfa, 0xf, 0xf1, 0x0, 0xe, 0xf4, 0x0, 0x4,
    0xff, 0xfd, 0x40, 0xff, 0xdd, 0xdd, 0xff, 0x40,
    0x0, 0x2f, 0xf8, 0x0, 0xf, 0xff, 0xff, 0xff,
    0xf4, 0x0, 0x0, 0xa3, 0x0, 0x0, 0xff, 0x10,
    0x0, 0xef, 0x40, 0x0, 0x0, 0x0, 0x0, 0x1,
    0x10, 0x0, 0x0, 0x0, 0x0,

    /* U+98CE "风" */
    0x0, 0x3f, 0xff, 0xff, 0xff, 0xff, 0xff, 0xff,
    0x0, 0x0, 0x3, 0xff, 0xff, 0xff, 0xff, 0xff,
    0xff, 0xf0, 0x0, 0x0, 0x3f, 0xf4, 0x33, 0x33,
    0x33, 0x36, 0xff, 0x0, 0x0, 0x3, 0xff, 0x20,
    0x0, 0x0, 0x95, 0x4f, 0xf0, 0x0, 0x0, 0x3f,
    0xf5, 0xb9, 0x0, 0x5f, 0xd3, 0xff, 0x0, 0x0,
    0x3, 0xff, 0x5f, 0xf6, 0xb, 0xf8, 0x3f, 0xf0,
    0x0, 0x0, 0x3f, 0xf1, 0x7f, 0xf6, 0xff, 0x13,
    0xff, 0x0, 0x0, 0x4, 0xff, 0x10, 0xbf, 0xff,
    0xa0, 0x3f, 0xf0, 0x0, 0x0, 0x5f, 0xf0, 0x1,
    0xef, 0xf2, 0x2, 0xff, 0x0, 0x0, 0x7, 0xfe,
    0x0, 0x1e, 0xff, 0x60, 0x2f, 0xf0, 0x0, 0x0,
    0x9f, 0xc0, 0xa, 0xff, 0xff, 0x21, 0xff, 0x0,
    0x0, 0xc, 0xf9, 0x8, 0xff, 0x6e, 0xfc, 0xf,
    0xf1, 0x0, 0x0, 0xff, 0x68, 0xff, 0x90, 0x5f,
    0xf5, 0xff, 0x28, 0x0, 0x5f, 0xf4, 0xef, 0xb0,
    0x0, 0xcf, 0x7c, 0xf5, 0xc9, 0xb, 0xfd, 0x3,
    0xb0, 0x0, 0x3, 0x20, 0x9f, 0xce, 0x93, 0xff,
    0x60, 0x0, 0x0, 0x0, 0x0, 0x3, 0xff, 0xf6,
    0x6, 0xd0, 0x0, 0x0, 0x0, 0x0, 0x0, 0x8,
    0xfc, 0x0, 0x0, 0x0, 0x0, 0x0, 0x0, 0x0,
    0x0, 0x0, 0x0
};


/*---------------------
 *  GLYPH DESCRIPTION
 *--------------------*/

static const lv_font_fmt_txt_glyph_dsc_t glyph_dsc[] = {
    {.bitmap_index = 0, .adv_w = 0, .box_w = 0, .box_h = 0, .ofs_x = 0, .ofs_y = 0} /* id = 0 reserved */,
    {.bitmap_index = 0, .adv_w = 152, .box_w = 0, .box_h = 0, .ofs_x = 0, .ofs_y = 0},
    {.bitmap_index = 0, .adv_w = 152, .box_w = 4, .box_h = 14, .ofs_x = 3, .ofs_y = 0},
    {.bitmap_index = 28, .adv_w = 152, .box_w = 7, .box_h = 7, .ofs_x = 1, .ofs_y = 8},
    {.bitmap_index = 53, .adv_w = 152, .box_w = 10, .box_h = 14, .ofs_x = 0, .ofs_y = 0},
    {.bitmap_index = 123, .adv_w = 152, .box_w = 9, .box_h = 18, .ofs_x = 0, .ofs_y = -2},
    {.bitmap_index = 204, .adv_w = 152, .box_w = 10, .box_h = 14, .ofs_x = 0, .ofs_y = 0},
    {.bitmap_index = 274, .adv_w = 152, .box_w = 10, .box_h = 14, .ofs_x = 0, .ofs_y = 0},
    {.bitmap_index = 344, .adv_w = 152, .box_w = 3, .box_h = 7, .ofs_x = 3, .ofs_y = 8},
    {.bitmap_index = 355, .adv_w = 152, .box_w = 6, .box_h = 20, .ofs_x = 2, .ofs_y = -4},
    {.bitmap_index = 415, .adv_w = 152, .box_w = 7, .box_h = 20, .ofs_x = 1, .ofs_y = -4},
    {.bitmap_index = 485, .adv_w = 152, .box_w = 9, .box_h = 8, .ofs_x = 0, .ofs_y = 7},
    {.bitmap_index = 521, .adv_w = 152, .box_w = 8, .box_h = 8, .ofs_x = 1, .ofs_y = 2},
    {.bitmap_index = 553, .adv_w = 152, .box_w = 5, .box_h = 8, .ofs_x = 2, .ofs_y = -4},
    {.bitmap_index = 573, .adv_w = 152, .box_w = 8, .box_h = 2, .ofs_x = 1, .ofs_y = 6},
    {.bitmap_index = 581, .adv_w = 152, .box_w = 5, .box_h = 4, .ofs_x = 2, .ofs_y = 0},
    {.bitmap_index = 591, .adv_w = 152, .box_w = 9, .box_h = 19, .ofs_x = 0, .ofs_y = -3},
    {.bitmap_index = 677, .adv_w = 152, .box_w = 9, .box_h = 14, .ofs_x = 0, .ofs_y = 0},
    {.bitmap_index = 740, .adv_w = 152, .box_w = 6, .box_h = 14, .ofs_x = 1, .ofs_y = 0},
    {.bitmap_index = 782, .adv_w = 152, .box_w = 8, .box_h = 14, .ofs_x = 1, .ofs_y = 0},
    {.bitmap_index = 838, .adv_w = 152, .box_w = 9, .box_h = 14, .ofs_x = 0, .ofs_y = 0},
    {.bitmap_index = 901, .adv_w = 152, .box_w = 9, .box_h = 14, .ofs_x = 0, .ofs_y = 0},
    {.bitmap_index = 964, .adv_w = 152, .box_w = 8, .box_h = 14, .ofs_x = 1, .ofs_y = 0},
    {.bitmap_index = 1020, .adv_w = 152, .box_w = 9, .box_h = 14, .ofs_x = 0, .ofs_y = 0},
    {.bitmap_index = 1083, .adv_w = 152, .box_w = 8, .box_h = 14, .ofs_x = 1, .ofs_y = 0},
    {.bitmap_index = 1139, .adv_w = 152, .box_w = 9, .box_h = 14, .ofs_x = 0, .ofs_y = 0},
    {.bitmap_index = 1202, .adv_w = 152, .box_w = 9, .box_h = 14, .ofs_x = 0, .ofs_y = 0},
    {.bitmap_index = 1265, .adv_w = 152, .box_w = 5, .box_h = 10, .ofs_x = 2, .ofs_y = 0},
    {.bitmap_index = 1290, .adv_w = 152, .box_w = 5, .box_h = 14, .ofs_x = 2, .ofs_y = -4},
    {.bitmap_index = 1325, .adv_w = 152, .box_w = 8, .box_h = 11, .ofs_x = 1, .ofs_y = 1},
    {.bitmap_index = 1369, .adv_w = 152, .box_w = 8, .box_h = 5, .ofs_x = 1, .ofs_y = 4},
    {.bitmap_index = 1389, .adv_w = 152, .box_w = 9, .box_h = 11, .ofs_x = 0, .ofs_y = 1},
    {.bitmap_index = 1439, .adv_w = 152, .box_w = 8, .box_h = 14, .ofs_x = 1, .ofs_y = 0},
    {.bitmap_index = 1495, .adv_w = 152, .box_w = 8, .box_h = 16, .ofs_x = 1, .ofs_y = -2},
    {.bitmap_index = 1559, .adv_w = 152, .box_w = 9, .box_h = 14, .ofs_x = 0, .ofs_y = 0},
    {.bitmap_index = 1622, .adv_w = 152, .box_w = 8, .box_h = 14, .ofs_x = 1, .ofs_y = 0},
    {.bitmap_index = 1678, .adv_w = 152, .box_w = 9, .box_h = 14, .ofs_x = 0, .ofs_y = 0},
    {.bitmap_index = 1741, .adv_w = 152, .box_w = 8, .box_h = 14, .ofs_x = 1, .ofs_y = 0},
    {.bitmap_index = 1797, .adv_w = 152, .box_w = 8, .box_h = 14, .ofs_x = 1, .ofs_y = 0},
    {.bitmap_index = 1853, .adv_w = 152, .box_w = 8, .box_h = 14, .ofs_x = 1, .ofs_y = 0},
    {.bitmap_index = 1909, .adv_w = 152, .box_w = 9, .box_h = 14, .ofs_x = 0, .ofs_y = 0},
    {.bitmap_index = 1972, .adv_w = 152, .box_w = 8, .box_h = 14, .ofs_x = 1, .ofs_y = 0},
    {.bitmap_index = 2028, .adv_w = 152, .box_w = 8, .box_h = 14, .ofs_x = 1, .ofs_y = 0},
    {.bitmap_index = 2084, .adv_w = 152, .box_w = 8, .box_h = 14, .ofs_x = 0, .ofs_y = 0},
    {.bitmap_index = 2140, .adv_w = 152, .box_w = 8, .box_h = 14, .ofs_x = 1, .ofs_y = 0},
    {.bitmap_index = 2196, .adv_w = 152, .box_w = 8, .box_h = 14, .ofs_x = 1, .ofs_y = 0},
    {.bitmap_index = 2252, .adv_w = 152, .box_w = 9, .box_h = 14, .ofs_x = 0, .ofs_y = 0},
    {.bitmap_index = 2315, .adv_w = 152, .box_w = 8, .box_h = 14, .ofs_x = 1, .ofs_y = 0},
    {.bitmap_index = 2371, .adv_w = 152, .box_w = 9, .box_h = 14, .ofs_x = 0, .ofs_y = 0},
    {.bitmap_index = 2434, .adv_w = 152, .box_w = 8, .box_h = 14, .ofs_x = 1, .ofs_y = 0},
    {.bitmap_index = 2490, .adv_w = 152, .box_w = 9, .box_h = 18, .ofs_x = 0, .ofs_y = -4},
    {.bitmap_index = 2571, .adv_w = 152, .box_w = 8, .box_h = 14, .ofs_x = 1, .ofs_y = 0},
    {.bitmap_index = 2627, .adv_w = 152, .box_w = 9, .box_h = 14, .ofs_x = 0, .ofs_y = 0},
    {.bitmap_index = 2690, .adv_w = 152, .box_w = 8, .box_h = 14, .ofs_x = 1, .ofs_y = 0},
    {.bitmap_index = 2746, .adv_w = 152, .box_w = 8, .box_h = 14, .ofs_x = 1, .ofs_y = 0},
    {.bitmap_index = 2802, .adv_w = 152, .box_w = 9, .box_h = 14, .ofs_x = 0, .ofs_y = 0},
    {.bitmap_index = 2865, .adv_w = 152, .box_w = 10, .box_h = 14, .ofs_x = 0, .ofs_y = 0},
    {.bitmap_index = 2935, .adv_w = 152, .box_w = 9, .box_h = 14, .ofs_x = 0, .ofs_y = 0},
    {.bitmap_index = 2998, .adv_w = 152, .box_w = 9, .box_h = 14, .ofs_x = 0, .ofs_y = 0},
    {.bitmap_index = 3061, .adv_w = 152, .box_w = 8, .box_h = 14, .ofs_x = 1, .ofs_y = 0},
    {.bitmap_index = 3117, .adv_w = 152, .box_w = 6, .box_h = 18, .ofs_x = 2, .ofs_y = -3},
    {.bitmap_index = 3171, .adv_w = 152, .box_w = 9, .box_h = 19, .ofs_x = 0, .ofs_y = -3},
    {.bitmap_index = 3257, .adv_w = 152, .box_w = 7, .box_h = 18, .ofs_x = 1, .ofs_y = -3},
    {.bitmap_index = 3320, .adv_w = 152, .box_w = 10, .box_h = 6, .ofs_x = 0, .ofs_y = 8},
    {.bitmap_index = 3350, .adv_w = 152, .box_w = 8, .box_h = 2, .ofs_x = 1, .ofs_y = -2},
    {.bitmap_index = 3358, .adv_w = 152, .box_w = 6, .box_h = 6, .ofs_x = 1, .ofs_y = 10},
    {.bitmap_index = 3376, .adv_w = 152, .box_w = 9, .box_h = 10, .ofs_x = 0, .ofs_y = 0},
    {.bitmap_index = 3421, .adv_w = 152, .box_w = 8, .box_h = 14, .ofs_x = 1, .ofs_y = 0},
    {.bitmap_index = 3477, .adv_w = 152, .box_w = 9, .box_h = 10, .ofs_x = 0, .ofs_y = 0},
    {.bitmap_index = 3522, .adv_w = 152, .box_w = 9, .box_h = 14, .ofs_x = 0, .ofs_y = 0},
    {.bitmap_index = 3585, .adv_w = 152, .box_w = 9, .box_h = 10, .ofs_x = 0, .ofs_y = 0},
    {.bitmap_index = 3630, .adv_w = 152, .box_w = 8, .box_h = 14, .ofs_x = 1, .ofs_y = 0},
    {.bitmap_index = 3686, .adv_w = 152, .box_w = 9, .box_h = 14, .ofs_x = 0, .ofs_y = -4},
    {.bitmap_index = 3749, .adv_w = 152, .box_w = 8, .box_h = 14, .ofs_x = 1, .ofs_y = 0},
    {.bitmap_index = 3805, .adv_w = 152, .box_w = 8, .box_h = 14, .ofs_x = 1, .ofs_y = 0},
    {.bitmap_index = 3861, .adv_w = 152, .box_w = 8, .box_h = 18, .ofs_x = 0, .ofs_y = -4},
    {.bitmap_index = 3933, .adv_w = 152, .box_w = 8, .box_h = 14, .ofs_x = 1, .ofs_y = 0},
    {.bitmap_index = 3989, .adv_w = 152, .box_w = 8, .box_h = 14, .ofs_x = 1, .ofs_y = 0},
    {.bitmap_index = 4045, .adv_w = 152, .box_w = 9, .box_h = 10, .ofs_x = 0, .ofs_y = 0},
    {.bitmap_index = 4090, .adv_w = 152, .box_w = 8, .box_h = 10, .ofs_x = 1, .ofs_y = 0},
    {.bitmap_index = 4130, .adv_w = 152, .box_w = 9, .box_h = 10, .ofs_x = 0, .ofs_y = 0},
    {.bitmap_index = 4175, .adv_w = 152, .box_w = 8, .box_h = 14, .ofs_x = 1, .ofs_y = -4},
    {.bitmap_index = 4231, .adv_w = 152, .box_w = 9, .box_h = 14, .ofs_x = 0, .ofs_y = -4},
    {.bitmap_index = 4294, .adv_w = 152, .box_w = 7, .box_h = 10, .ofs_x = 2, .ofs_y = 0},
    {.bitmap_index = 4329, .adv_w = 152, .box_w = 8, .box_h = 10, .ofs_x = 1, .ofs_y = 0},
    {.bitmap_index = 4369, .adv_w = 152, .box_w = 8, .box_h = 14, .ofs_x = 1, .ofs_y = 0},
    {.bitmap_index = 4425, .adv_w = 152, .box_w = 8, .box_h = 10, .ofs_x = 1, .ofs_y = 0},
    {.bitmap_index = 4465, .adv_w = 152, .box_w = 9, .box_h = 10, .ofs_x = 0, .ofs_y = 0},
    {.bitmap_index = 4510, .adv_w = 152, .box_w = 10, .box_h = 10, .ofs_x = 0, .ofs_y = 0},
    {.bitmap_index = 4560, .adv_w = 152, .box_w = 9, .box_h = 10, .ofs_x = 0, .ofs_y = 0},
    {.bitmap_index = 4605, .adv_w = 152, .box_w = 9, .box_h = 14, .ofs_x = 0, .ofs_y = -4},
    {.bitmap_index = 4668, .adv_w = 152, .box_w = 8, .box_h = 10, .ofs_x = 1, .ofs_y = 0},
    {.bitmap_index = 4708, .adv_w = 152, .box_w = 7, .box_h = 19, .ofs_x = 1, .ofs_y = -3},
    {.bitmap_index = 4775, .adv_w = 152, .box_w = 3, .box_h = 19, .ofs_x = 3, .ofs_y = -3},
    {.bitmap_index = 4804, .adv_w = 152, .box_w = 8, .box_h = 19, .ofs_x = 1, .ofs_y = -3},
    {.bitmap_index = 4880, .adv_w = 152, .box_w = 10, .box_h = 5, .ofs_x = 0, .ofs_y = 3},
    {.bitmap_index = 4905, .adv_w = 304, .box_w = 17, .box_h = 18, .ofs_x = 1, .ofs_y = -2},
    {.bitmap_index = 5058, .adv_w = 304, .box_w = 18, .box_h = 18, .ofs_x = 0, .ofs_y = -2},
    {.bitmap_index = 5220, .adv_w = 304, .box_w = 19, .box_h = 18, .ofs_x = 0, .ofs_y = -2},
    {.bitmap_index = 5391, .adv_w = 304, .box_w = 19, .box_h = 19, .ofs_x = 0, .ofs_y = -2},
    {.bitmap_index = 5572, .adv_w = 304, .box_w = 19, .box_h = 18, .ofs_x = 0, .ofs_y = -2},
    {.bitmap_index = 5743, .adv_w = 304, .box_w = 18, .box_h = 19, .ofs_x = 0, .ofs_y = -3},
    {.bitmap_index = 5914, .adv_w = 304, .box_w = 18, .box_h = 20, .ofs_x = 0, .ofs_y = -3},
    {.bitmap_index = 6094, .adv_w = 304, .box_w = 18, .box_h = 19, .ofs_x = 0, .ofs_y = -3},
    {.bitmap_index = 6265, .adv_w = 304, .box_w = 18, .box_h = 18, .ofs_x = 0, .ofs_y = -2},
    {.bitmap_index = 6427, .adv_w = 304, .box_w = 19, .box_h = 19, .ofs_x = 0, .ofs_y = -2},
    {.bitmap_index = 6608, .adv_w = 304, .box_w = 17, .box_h = 20, .ofs_x = 1, .ofs_y = -3},
    {.bitmap_index = 6778, .adv_w = 304, .box_w = 19, .box_h = 18, .ofs_x = 0, .ofs_y = -3},
    {.bitmap_index = 6949, .adv_w = 304, .box_w = 18, .box_h = 18, .ofs_x = 0, .ofs_y = -2},
    {.bitmap_index = 7111, .adv_w = 304, .box_w = 19, .box_h = 18, .ofs_x = 0, .ofs_y = -2},
    {.bitmap_index = 7282, .adv_w = 304, .box_w = 20, .box_h = 20, .ofs_x = 0, .ofs_y = -3},
    {.bitmap_index = 7482, .adv_w = 304, .box_w = 19, .box_h = 20, .ofs_x = 0, .ofs_y = -3},
    {.bitmap_index = 7672, .adv_w = 304, .box_w = 19, .box_h = 20, .ofs_x = 0, .ofs_y = -3},
    {.bitmap_index = 7862, .adv_w = 304, .box_w = 19, .box_h = 20, .ofs_x = 0, .ofs_y = -3},
    {.bitmap_index = 8052, .adv_w = 304, .box_w = 19, .box_h = 18, .ofs_x = 0, .ofs_y = -3},
    {.bitmap_index = 8223, .adv_w = 304, .box_w = 17, .box_h = 18, .ofs_x = 1, .ofs_y = -2},
    {.bitmap_index = 8376, .adv_w = 304, .box_w = 19, .box_h = 18, .ofs_x = 0, .ofs_y = -2},
    {.bitmap_index = 8547, .adv_w = 304, .box_w = 19, .box_h = 19, .ofs_x = 0, .ofs_y = -2},
    {.bitmap_index = 8728, .adv_w = 304, .box_w = 19, .box_h = 18, .ofs_x = 0, .ofs_y = -2},
    {.bitmap_index = 8899, .adv_w = 304, .box_w = 19, .box_h = 18, .ofs_x = 0, .ofs_y = -2},
    {.bitmap_index = 9070, .adv_w = 304, .box_w = 19, .box_h = 20, .ofs_x = 0, .ofs_y = -3},
    {.bitmap_index = 9260, .adv_w = 304, .box_w = 19, .box_h = 19, .ofs_x = 0, .ofs_y = -2},
    {.bitmap_index = 9441, .adv_w = 304, .box_w = 19, .box_h = 16, .ofs_x = 0, .ofs_y = -1},
    {.bitmap_index = 9593, .adv_w = 304, .box_w = 17, .box_h = 19, .ofs_x = 1, .ofs_y = -3},
    {.bitmap_index = 9755, .adv_w = 304, .box_w = 19, .box_h = 19, .ofs_x = 0, .ofs_y = -2},
    {.bitmap_index = 9936, .adv_w = 304, .box_w = 19, .box_h = 19, .ofs_x = 0, .ofs_y = -3},
    {.bitmap_index = 10117, .adv_w = 304, .box_w = 19, .box_h = 16, .ofs_x = 0, .ofs_y = -1},
    {.bitmap_index = 10269, .adv_w = 304, .box_w = 19, .box_h = 18, .ofs_x = 0, .ofs_y = -2},
    {.bitmap_index = 10440, .adv_w = 304, .box_w = 19, .box_h = 20, .ofs_x = 0, .ofs_y = -3},
    {.bitmap_index = 10630, .adv_w = 304, .box_w = 19, .box_h = 18, .ofs_x = 0, .ofs_y = -2},
    {.bitmap_index = 10801, .adv_w = 304, .box_w = 19, .box_h = 19, .ofs_x = 0, .ofs_y = -3},
    {.bitmap_index = 10982, .adv_w = 304, .box_w = 17, .box_h = 18, .ofs_x = 2, .ofs_y = -2},
    {.bitmap_index = 11135, .adv_w = 304, .box_w = 19, .box_h = 18, .ofs_x = 0, .ofs_y = -2},
    {.bitmap_index = 11306, .adv_w = 304, .box_w = 19, .box_h = 18, .ofs_x = 0, .ofs_y = -3},
    {.bitmap_index = 11477, .adv_w = 304, .box_w = 17, .box_h = 19, .ofs_x = 1, .ofs_y = -2},
    {.bitmap_index = 11639, .adv_w = 304, .box_w = 19, .box_h = 20, .ofs_x = 0, .ofs_y = -3},
    {.bitmap_index = 11829, .adv_w = 304, .box_w = 19, .box_h = 18, .ofs_x = 0, .ofs_y = -2},
    {.bitmap_index = 12000, .adv_w = 304, .box_w = 19, .box_h = 19, .ofs_x = 0, .ofs_y = -2},
    {.bitmap_index = 12181, .adv_w = 304, .box_w = 19, .box_h = 20, .ofs_x = 0, .ofs_y = -3},
    {.bitmap_index = 12371, .adv_w = 304, .box_w = 19, .box_h = 19, .ofs_x = 0, .ofs_y = -2},
    {.bitmap_index = 12552, .adv_w = 304, .box_w = 19, .box_h = 17, .ofs_x = 0, .ofs_y = -2},
    {.bitmap_index = 12714, .adv_w = 304, .box_w = 15, .box_h = 20, .ofs_x = 2, .ofs_y = -3},
    {.bitmap_index = 12864, .adv_w = 304, .box_w = 19, .box_h = 18, .ofs_x = 0, .ofs_y = -2},
    {.bitmap_index = 13035, .adv_w = 304, .box_w = 19, .box_h = 18, .ofs_x = 0, .ofs_y = -2},
    {.bitmap_index = 13206, .adv_w = 304, .box_w = 19, .box_h = 18, .ofs_x = 0, .ofs_y = -2},
    {.bitmap_index = 13377, .adv_w = 304, .box_w = 19, .box_h = 19, .ofs_x = 0, .ofs_y = -3},
    {.bitmap_index = 13558, .adv_w = 304, .box_w = 19, .box_h = 19, .ofs_x = 0, .ofs_y = -2},
    {.bitmap_index = 13739, .adv_w = 304, .box_w = 19, .box_h = 19, .ofs_x = 0, .ofs_y = -3},
    {.bitmap_index = 13920, .adv_w = 304, .box_w = 19, .box_h = 18, .ofs_x = 0, .ofs_y = -3}
};

/*---------------------
 *  CHARACTER MAPPING
 *--------------------*/

static const uint16_t unicode_list_1[] = {
    0x0, 0xd, 0xe, 0xc9, 0x1b0, 0x249, 0x3f0, 0x472,
    0x473, 0x4e9, 0x5c3, 0x83b, 0x8fb, 0xb04, 0xb9e, 0xd2b,
    0xd5f, 0xd6d, 0xe22, 0x100b, 0x1028, 0x10e2, 0x11d4, 0x1225,
    0x13e3, 0x157a, 0x1811, 0x18c5, 0x197d, 0x1bf4, 0x1d36, 0x1ffc,
    0x22ac, 0x22c0, 0x2489, 0x2708, 0x29d4, 0x2b0d, 0x2c4d, 0x2ece,
    0x3092, 0x3097, 0x30b2, 0x30e9, 0x3141, 0x33bd, 0x3d91, 0x3dc2,
    0x3ef8, 0x4150, 0x4694, 0x46ec, 0x4aa1
};

/*Collect the unicode lists and glyph_id offsets*/
static const lv_font_fmt_txt_cmap_t cmaps[] =
{
    {
        .range_start = 32, .range_length = 95, .glyph_id_start = 1,
        .unicode_list = NULL, .glyph_id_ofs_list = NULL, .list_length = 0, .type = LV_FONT_FMT_TXT_CMAP_FORMAT0_TINY
    },
    {
        .range_start = 20013, .range_length = 19106, .glyph_id_start = 96,
        .unicode_list = unicode_list_1, .glyph_id_ofs_list = NULL, .list_length = 53, .type = LV_FONT_FMT_TXT_CMAP_SPARSE_TINY
    }
};



/*--------------------
 *  ALL CUSTOM DATA
 *--------------------*/

#if LVGL_VERSION_MAJOR == 8
/*Store all the custom data of the font*/
static  lv_font_fmt_txt_glyph_cache_t cache;
#endif

#if LVGL_VERSION_MAJOR >= 8
static const lv_font_fmt_txt_dsc_t font_dsc = {
#else
static lv_font_fmt_txt_dsc_t font_dsc = {
#endif
    .glyph_bitmap = glyph_bitmap,
    .glyph_dsc = glyph_dsc,
    .cmaps = cmaps,
    .kern_dsc = NULL,
    .kern_scale = 0,
    .cmap_num = 2,
    .bpp = 4,
    .kern_classes = 0,
    .bitmap_format = 0,
#if LVGL_VERSION_MAJOR == 8
    .cache = &cache
#endif
};



/*-----------------
 *  PUBLIC FONT
 *----------------*/

/*Initialize a public general font descriptor*/
#if LVGL_VERSION_MAJOR >= 8
const lv_font_t ui_font_ASCII19 = {
#else
lv_font_t ui_font_ASCII19 = {
#endif
    .get_glyph_dsc = lv_font_get_glyph_dsc_fmt_txt,    /*Function pointer to get glyph's data*/
    .get_glyph_bitmap = lv_font_get_bitmap_fmt_txt,    /*Function pointer to get glyph's bitmap*/
    .line_height = 21,          /*The maximum line height required by the font*/
    .base_line = 4,             /*Baseline measured from the bottom of the line*/
#if !(LVGL_VERSION_MAJOR == 6 && LVGL_VERSION_MINOR == 0)
    .subpx = LV_FONT_SUBPX_NONE,
#endif
#if LV_VERSION_CHECK(7, 4, 0) || LVGL_VERSION_MAJOR >= 8
    .underline_position = -1,
    .underline_thickness = 1,
#endif
    .dsc = &font_dsc,          /*The custom font data. Will be accessed by `get_glyph_bitmap/dsc` */
#if LV_VERSION_CHECK(8, 2, 0) || LVGL_VERSION_MAJOR >= 9
    .fallback = NULL,
#endif
    .user_data = NULL,
};



#endif /*#if UI_FONT_ASCII19*/

